Area,ISO
Afghanistan,AFG
Albania,ALB
Algeria,DZA
Angola,AGO
Antigua and Barbuda,ATG
Argentina,ARG
Armenia,ARM
Australia,AUS
Australia and New Zealand,NOT APPLICABLE
Austria,AUT
Azerbaijan,AZE
Bahamas,BHS
Bahrain,BHR
Bangladesh,BGD
Barbados,BRB
Belarus,BLR
Belgium,BEL
Belize,BLZ
Benin,BEN
Bhutan,BTN
Bolivia (Plurinational State of),BOL
Bosnia and Herzegovina,BIH
Botswana,BWA
Brazil,BRA
Bulgaria,BGR
Burkina Faso,BFA
Burundi,BDI
Cabo Verde,CPV
Cambodia,KHM
Cameroon,CMR
Canada,CAN
Central African Republic,CAF
Chad,TCD
Chile,CHL
China,CHN
Colombia,COL
Comoros,COM
Congo,
Costa Rica,CRI
Croatia,HRV
Cuba,CUB
Cyprus,CYP
Czechia,CZE
Côte d'Ivoire,CIV
Democratic Republic of the Congo,
Denmark,DNK
Djibouti,DJI
Dominica,DMA
Dominican Republic,DOM
Ecuador,ECU
Egypt,
El Salvador,SLV
Estonia,EST
Eswatini,SWZ
Ethiopia,ETH
Fiji,FJI
Finland,FIN
France,FRA
French Polynesia,PYF
Gabon,GAB
Gambia,ZMB
Georgia,GEO
Germany,DEU
Ghana,GHA
Greece,GRC
Grenada,GRD
Guatemala,GTM
Guinea,GIN
Guinea-Bissau,GNB
Guyana,GUY
Haiti,HTI
Honduras,HND
Hungary,HUN
Iceland,ISL
India,IND
Indonesia,IDN
Iran (Islamic Republic of),IRN
Iraq,IRQ
Ireland,IRL
Israel,ISR
Italy,ITA
Jamaica,JAM
Japan,JPN
Jordan,JOR
Kazakhstan,KAZ
Kenya,KEN
Kiribati,KIR
Kuwait,KWT
Kyrgyzstan,
Lao People's Democratic Republic,
Latvia,LVA
Lebanon,LBN
Lesotho,LSO
Liberia,LBR
Libya,LBY
Lithuania,LTU
Luxembourg,LUX
Madagascar,MDG
Malawi,MWI
Malaysia,MYS
Maldives,MDV
Mali,MLI
Malta,MLT
Marshall Islands,MHL
Mauritania,MRT
Mauritius,MUS
Mexico,MEX
Micronesia,
Mongolia,MNG
Montenegro,MNE
Morocco,MAR
Mozambique,MOZ
Myanmar,MMR
Namibia,NAM
Nauru,NRU
Nepal,NPL
Netherlands (Kingdom of the),NLD
New Caledonia,NCL
New Zealand,NZL
Nicaragua,NIC
Niger,NER
Nigeria,NGA
North Macedonia,MKD
Norway,NOR
Oman,OMN
Pakistan,PAK
Panama,PAN
Papua New Guinea,PNG
Paraguay,PRY
Peru,PER
Philippines,PHL
Poland,POL
Portugal,PRT
Qatar,QAT
Republic of Korea,KOR
Republic of Moldova,
Romania,ROU
Russian Federation,RUS
Rwanda,RWA
Saint Kitts and Nevis,KNA
Saint Lucia,LCA
Saint Vincent and the Grenadines,VCT
Samoa,WSM
Sao Tome and Principe,STP
Saudi Arabia,SAU
Senegal,SEN
Serbia,SRB
Seychelles,SYC
Sierra Leone,SLE
Slovakia,SVK
Slovenia,SVN
Solomon Islands,SLB
Somalia,SOM
South Africa,ZAF
South Sudan,SSD
Spain,ESP
Sri Lanka,LKA
Sudan,SDN
Suriname,SUR
Sweden,SWE
Switzerland,CHE
Syrian Arab Republic,SYR
Tajikistan,TJK
Thailand,THA
Timor-Leste,TLS
Togo,TGO
Tonga,TON
Trinidad and Tobago,TTO
Tunisia,TUN
Turkmenistan,TKM
Tuvalu,TUV
Türkiye,TUR
Uganda,UGA
Ukraine,UKR
United Arab Emirates,ARE
United Kingdom of Great Britain and Northern Ireland,GBR
United Republic of Tanzania,
United States of America,USA
Uruguay,URY
Uzbekistan,UZB
Vanuatu,VUT
Venezuela (Bolivarian Republic of),
Viet Nam,VNM
Yemen,
Zambia,ZMB
Zimbabwe,ZWE
Africa,
Americas,
Asia,
Caribbean,
Central America,
Central Asia,
Eastern Africa,
Eastern Asia,
Eastern Europe,
Europe,
European Union (27),
Land Locked Developing Countries,
Low Income Food Deficit Countries,
Melanesia,
Middle Africa,
Net Food Importing Developing Countries,
Northern Africa,
Northern America,
Northern Europe,
Oceania,
Polynesia,
Small Island Developing States,
South America,
South-eastern Asia,
Southern Africa,
Southern Asia,
Southern Europe,
Western Africa,
Western Asia,
Western Europe,
World,
"China, Hong Kong SAR",
"China, Macao SAR",
"China, Taiwan Province of",TWN
"China, mainland",
Least Developed Countries,
Micronesia (Federated States of),