ISO,Country,tonnage_before,ci_before,emis_before,ci_after,emis_after,tonnage_after,observed_delta_mt,expected_delta_mt,gap,tonnage_unchanged
ARE,United Arab Emirates,338.0,5.69531,1.92501478,5.713913,1.9313025939999997,338.0,0.006287813999999781,0.0062878139999998995,-1.1882855810441129e-16,True
ATG,Antigua and Barbuda,1.0,4.5,0.0045,5.286,0.005286,1.0,0.0007860000000000002,0.0007859999999999996,6.505213034913027e-19,True
AUS,Australia,1043.0,4.913866,5.125162238,5.042731,5.259568433,1043.0,0.1344061950000004,0.13440619500000023,1.6653345369377348e-16,True
AUT,Austria,529.0,4.956059,2.621755211,5.097212,2.6964251479999994,529.0,0.07466993699999946,0.07466993700000005,-5.828670879282072e-16,True
BEL,Belgium,859.0,5.572216,4.786533544000001,5.714959,4.909149781,859.0,0.12261623699999902,0.12261623700000024,-1.2212453270876722e-15,True
BHR,Bahrain,54.0,5.084744,0.274576176,5.142967,0.277720218,54.0,0.0031440420000000135,0.0031440419999999953,1.8214596497756474e-17,True
BHS,Bahamas,12.0,4.887821,0.058653852,5.149821,0.061797852,12.0,0.003144000000000001,0.0031440000000000053,-4.336808689942018e-18,True
BRB,Barbados,11.0,5.172168,0.056893848,5.172168,0.056893848,11.0,0.0,0.0,0.0,True
CAN,Canada,2026.0,4.987703,10.105086277999998,5.11728,10.36760928,2026.0,0.2625230020000018,0.2625230020000005,1.27675647831893e-15,True
CHE,Switzerland,327.0,5.106211,1.669730997,5.255238,1.718462826,327.0,0.04873182900000006,0.04873182900000008,-2.0816681711721685e-17,True
CHL,Chile,440.0,6.863203,3.0198093200000002,6.922153,3.04574732,440.0,0.025937999999999573,0.025937999999999732,-1.5959455978986625e-16,True
CYP,Cyprus,34.0,4.537037,0.15425925799999998,4.583272,0.155831248,34.0,0.001571990000000023,0.0015719900000000083,1.474514954580286e-17,True
CZE,Czechia,573.0,5.77984,3.31184832,5.86763,3.36215199,573.0,0.05030366999999991,0.05030367000000002,-1.1102230246251565e-16,True
DEU,Germany,3521.0,4.486607,15.797343246999999,4.626573,16.290163532999998,3521.0,0.49282028599999883,0.49282028599999783,9.992007221626409e-16,True
DNK,Denmark,170.0,6.613418,1.1242810600000002,6.724382,1.1431449400000002,170.0,0.018863880000000055,0.01886388000000001,4.5102810375396984e-17,True
ESP,Spain,1743.0,4.763627,8.303001861,4.834425,8.426402775,1743.0,0.12340091399999942,0.1234009140000014,-1.9845236565174673e-15,True
EST,Estonia,58.0,4.379365,0.25400317,4.514881999999999,0.261863156,58.0,0.007859985999999985,0.007859985999999954,3.122502256758253e-17,True
FIN,Finland,172.0,4.642971,0.7985910120000002,4.784634,0.8229570479999999,172.0,0.024366035999999758,0.024366035999999903,-1.457167719820518e-16,True
FRA,France,2952.0,4.956314,14.631038928,4.992259,14.737148568,2952.0,0.10610963999999967,0.10610963999999969,-1.3877787807814457e-17,True
GBR,United Kingdom of Great Britain and Northern Ireland,2259.0,4.951871,11.186276589,5.101834,11.525043005999999,2259.0,0.33876641699999865,0.3387664170000012,-2.55351295663786e-15,True
GRC,Greece,683.0,5.067017,3.460772611,5.111898,3.4914263340000002,683.0,0.030653723000000355,0.03065372300000012,2.3592239273284576e-16,True
GUY,Guyana,15.0,5.545333,0.083179995,5.702533,0.08553799499999999,15.0,0.002357999999999985,0.0023579999999999938,-8.673617379884035e-18,True
HRV,Croatia,144.0,5.128265,0.7384701599999999,5.204681,0.7494740639999999,144.0,0.011003904000000064,0.011003904000000005,5.898059818321144e-17,True
HUN,Hungary,372.0,5.067872,1.885248384,5.361566,1.994502552,372.0,0.10925416799999987,0.10925416799999979,8.326672684688674e-17,True
IRL,Ireland,183.0,5.321921,0.9739115429999998,5.437889,0.995133687,183.0,0.02122214400000022,0.021222144000000092,1.2836953722228372e-16,True
ISL,Iceland,13.0,5.193019,0.067509247,5.253481,0.068295253,13.0,0.0007860060000000058,0.000786006000000003,2.710505431213761e-18,True
ISR,Israel,378.0,4.735202,1.7899063560000001,4.8059,1.8166302,378.0,0.02672384399999994,0.026723844000000056,-1.1449174941446927e-16,True
ITA,Italy,2601.0,5.146951,13.387219551000001,5.218873,13.574288673,2601.0,0.1870691219999987,0.18706912200000184,-3.1363800445660672e-15,True
JPN,Japan,3438.0,4.268199000000001,14.674068162000003,4.350502,14.957025875999998,3438.0,0.2829577139999948,0.2829577139999954,-6.106226635438361e-16,True
KNA,Saint Kitts and Nevis,1.0,5.42,0.00542,5.42,0.00542,1.0,0.0,0.0,0.0,True
KOR,Republic of Korea,2098.0,5.319824,11.160990751999998,5.341179,11.205793541999999,2098.0,0.044802790000000314,0.04480279000000142,-1.1032841307212493e-15,True
KWT,Kuwait,124.0,4.263648,0.5286923520000001,4.314358,0.534980392,124.0,0.006288039999999939,0.006288040000000059,-1.196959198423997e-16,True
LTU,Lithuania,62.0,5.478772,0.339683864,5.580192,0.345971904,62.0,0.006288039999999995,0.006288040000000004,-9.540979117872439e-18,True
LUX,Luxembourg,15.0,5.552103,0.083281545,5.656903000000001,0.084853545,15.0,0.001572000000000004,0.0015720000000000135,-9.540979117872439e-18,True
LVA,Latvia,74.0,4.532246,0.335386204,4.627841,0.34246023400000003,74.0,0.007074030000000009,0.007074030000000024,-1.474514954580286e-17,True
MLT,Malta,18.0,5.185769,0.093343842,5.316769,0.09570184200000001,18.0,0.002358000000000013,0.002358000000000004,8.673617379884035e-18,True
NLD,Netherlands (Kingdom of the),568.0,6.479993,3.680636024,6.603151,3.7505897680000007,568.0,0.06995374400000065,0.06995374400000007,5.828670879282072e-16,True
NOR,Norway,202.0,5.371151,1.0849725019999998,5.616289,1.134490378,202.0,0.04951787600000013,0.049517875999999975,1.5265566588595902e-16,True
NRU,Nauru,2.0,5.42,0.01084,5.42,0.01084,2.0,0.0,0.0,0.0,True
NZL,New Zealand,144.0,5.425396,0.781257024,5.496354,0.791474976,144.0,0.010217952000000086,0.010217952000000011,7.45931094670027e-17,True
OMN,Oman,147.0,5.017572,0.737583084,5.071042,0.745443174,147.0,0.007860089999999986,0.007860089999999986,0.0,True
PAN,Panama,145.0,6.560101,0.9512146450000001,6.657673,0.9653625849999999,145.0,0.014147939999999859,0.014147939999999935,-7.632783294297951e-17,True
POL,Poland,1285.0,4.936443,6.343329254999999,5.089361,6.5398288849999995,1285.0,0.1964996300000008,0.1964996300000007,1.1102230246251565e-16,True
PRT,Portugal,347.0,5.695551,1.976356197,5.763505,1.999936235,347.0,0.02358003799999997,0.0235800380000001,-1.3183898417423734e-16,True
PYF,French Polynesia,19.0,4.664818,0.08863154200000001,4.706187,0.089417553,19.0,0.0007860109999999892,0.0007860109999999913,-2.0599841277224584e-18,True
QAT,Qatar,89.0,4.220951,0.375664639,4.265108,0.3795946119999999,89.0,0.0039299729999998645,0.003929972999999941,-7.632783294297951e-17,True
ROU,Romania,683.0,5.417463,3.700127229,5.493416,3.752003128,683.0,0.051875899000000114,0.051875899000000114,0.0,True
SAU,Saudi Arabia,1270.0,5.638095,7.1603806500000005,5.654186000000001,7.1808162200000005,1270.0,0.02043557000000007,0.02043557000000151,-1.4398204850607499e-15,True
SVK,Slovakia,281.0,6.58019,1.84903339,6.641727,1.8663252870000002,281.0,0.017291897000000223,0.017291897000000115,1.0755285551056204e-16,True
SVN,Slovenia,62.0,5.185832,0.321521584,5.312606,0.329381572,62.0,0.007859987999999984,0.007859987999999955,2.949029909160572e-17,True
SWE,Sweden,458.0,4.450137,2.038162746,4.726438,2.164708604,458.0,0.12654585800000007,0.12654585800000007,0.0,True
SYC,Seychelles,7.0,4.975714,0.034829998,5.088,0.035616,7.0,0.0007860020000000009,0.0007860020000000007,2.168404344971009e-19,True
TTO,Trinidad and Tobago,49.0,6.683752,0.327503848,6.747915,0.330647835,49.0,0.0031439870000000147,0.003143986999999988,2.688821387764051e-17,True
TWN,"China, Taiwan Province of",1053.0,5.351319,5.634938907,5.364008,5.648300423999999,1053.0,0.01336151699999899,0.013361516999999948,-9.575673587391975e-16,True
URY,Uruguay,90.0,5.926564,0.53339076,6.031364,0.54282276,90.0,0.009431999999999996,0.009432,-3.469446951953614e-18,True
USA,United States of America,14957.0,5.15214,77.06055798,5.378528,80.446643296,14957.0,3.386085316000006,3.3860853160000004,5.773159728050814e-15,True
