ISO,scenario,diff_Y0,diff_Y1,diff_Y2,diff_Y3,diff_Y4,diff_Y5,diff_Y6,diff_Y7,diff_Y8,diff_Y9,diff_Y10,total_person_years_saved,emissions_factor_Y0,total_emissions,emissions_factor_Y1,emissions_Y1,emissions_factor_Y2,emissions_Y2,emissions_factor_Y3,emissions_Y3,emissions_factor_Y4,emissions_Y4,emissions_factor_Y5,emissions_Y5,emissions_factor_Y6,emissions_Y6,emissions_factor_Y7,emissions_Y7,emissions_factor_Y8,emissions_Y8,emissions_factor_Y9,emissions_Y9,emissions_factor_Y10,emissions_Y10
AND,max_uptake,0.0,0.0,0.0,0.0,0.0,0.0,0.0,0.0,0.0,0.0,0.0,0.0,,,,,,,,,,,,,,,,,,,,,,
AND,mod_uptake,0.0,0.0,0.0,0.0,0.0,0.0,0.0,0.0,0.0,0.0,0.0,0.0,,,,,,,,,,,,,,,,,,,,,,
ARE,max_uptake,0.0,0.0,0.0,0.0,0.0,0.0,0.0,0.0,0.0,0.0,0.0,0.0,15.40936019237878,0.0,15.40936019237878,0.0,15.40936019237878,0.0,15.40936019237878,0.0,15.40936019237878,0.0,15.40936019237878,0.0,15.40936019237878,0.0,15.40936019237878,0.0,15.40936019237878,0.0,15.40936019237878,0.0,15.40936019237878,0.0
ARE,mod_uptake,0.0,0.0,0.0,0.0,0.0,0.0,0.0,0.0,0.0,0.0,0.0,0.0,15.40936019237878,0.0,15.40936019237878,0.0,15.40936019237878,0.0,15.40936019237878,0.0,15.40936019237878,0.0,15.40936019237878,0.0,15.40936019237878,0.0,15.40936019237878,0.0,15.40936019237878,0.0,15.40936019237878,0.0,15.40936019237878,0.0
ASM,max_uptake,0.0,0.0,0.0,0.0,0.0,0.0,0.0,0.0,0.0,0.0,0.0,0.0,,,,,,,,,,,,,,,,,,,,,,
ASM,mod_uptake,0.0,0.0,0.0,0.0,0.0,0.0,0.0,0.0,0.0,0.0,0.0,0.0,,,,,,,,,,,,,,,,,,,,,,
ATG,max_uptake,0.0,0.0,0.0,0.0,0.0,0.0,0.0,0.0,0.0,0.0,0.0,0.0,,,,,,,,,,,,,,,,,,,,,,
ATG,mod_uptake,0.0,0.0,0.0,0.0,0.0,0.0,0.0,0.0,0.0,0.0,0.0,0.0,,,,,,,,,,,,,,,,,,,,,,
AUS,max_uptake,0.0,4280.817003793823,8683.793587579308,13210.820310834844,17876.128412585917,22785.191783230523,27946.372395781607,33267.8645933553,38738.07695196459,44422.62064613628,50357.61781384984,261569.303499112,14.92234003649749,3903226.0899235625,14.92234003649749,63879.80696463178,14.92234003649749,129582.52072061488,14.92234003649749,197136.352839345,14.92234003649749,266753.6667087011,14.92234003649749,340008.37958617444,14.92234003649749,417025.27167644014,14.92234003649749,496434.387750203,14.92234003649749,578062.7566372219,14.92234003649749,662889.4505939794,14.92234003649749,751453.4964462507
AUS,mod_uptake,0.0,2354.5109935890496,4766.846772417975,7223.742139182905,9726.887212244985,12372.018581784348,15156.647586992229,18018.903503125588,20985.06236638909,24054.130276161504,27257.78745740435,141916.536889292,14.92234003649749,2117726.820264155,14.92234003649749,35134.81366600736,14.92234003649749,71132.50843990159,14.92234003649749,107795.13653686308,14.92234003649749,145147.9184777788,14.92234003649749,184619.4682152515,14.92234003649749,226172.6491064572,14.92234003649749,268884.20515847584,14.92234003649749,313146.2363183647,14.92234003649749,358943.91126309126,14.92234003649749,406749.973081964
AUT,max_uptake,0.0,1272.1233974983984,2579.0323736199025,3915.71222577028,5288.670491451725,6725.35136073072,8209.363306419757,9713.984723567484,11255.450432884612,12808.010914379398,14420.768063492747,76188.46728981503,8.825576465658953,672407.1438676185,8.825576465658953,11227.222318375974,8.825576465658953,22761.44742079236,8.825576465658953,34558.41766605122,8.825576465658953,46675.56582398131,8.825576465658953,59355.102692552464,8.825576465658953,72452.36359518237,8.825576465658953,85731.51496408778,8.825576465658953,99335.8384508573,8.825576465658953,113038.07969784983,8.825576465658953,127271.59123788783
AUT,mod_uptake,0.0,690.5665610028868,1397.6236540576356,2128.650120862675,2871.327580516189,3648.423735031881,4441.914875218986,5244.514292009017,6059.706376435404,6882.588931504632,7735.579545870144,41100.89567250945,8.825576465658953,362739.09756480326,8.825576465658953,6094.647988758115,8.825576465658953,12334.83442909934,8.825576465658953,18786.56441030771,8.825576465658953,25341.12111980114,8.825576465658953,32199.442652648904,8.825576465658953,39202.459385193106,8.825576465658953,46285.8619093668,8.825576465658953,53480.4019846718,8.825576465658953,60742.81489669208,8.825576465658953,68270.94878826432
BEL,max_uptake,0.0,2054.445537156339,4171.481433769206,6338.852635101684,8541.286467424095,10839.451589379065,13215.026199942457,15643.53057912251,18099.422581081337,20560.318974051093,23099.60808740729,122563.42408443509,9.505987895363441,1165086.4257609358,9.505987895363441,19529.534407891602,9.505987895363441,39654.0520151434,9.505987895363441,60257.056419769266,9.505987895363441,81193.36577016502,9.505987895363441,103039.69560101541,9.505987895363441,125621.87909356372,9.505987895363441,148707.21232588642,9.505987895363441,172052.8919688269,9.505987895363441,195446.14329214097,9.505987895363441,219584.59486653315
BEL,mod_uptake,0.0,1082.5395432499736,2193.187858491601,3342.494134045396,4516.133511651382,5736.292566408944,6996.700721836096,8291.593106703967,9600.30453489343,10920.631159964114,12284.862367766718,64964.739505011625,9.505987895363441,617554.0273600797,9.505987895363441,10290.607794386517,9.505987895363441,20848.41723507923,9.505987895363441,31773.708778558845,9.505987895363441,42930.310495603226,9.505987895363441,54529.12770054671,9.505987895363441,66510.55236925458,9.505987895363441,78819.78370560687,9.505987895363441,91260.3787004997,9.505987895363441,103811.38761634768,9.505987895363441,116779.75296419629
BHR,max_uptake,0.0,0.0,0.0,0.0,0.0,0.0,0.0,0.0,0.0,0.0,0.0,0.0,,,,,,,,,,,,,,,,,,,,,,
BHR,mod_uptake,0.0,0.0,0.0,0.0,0.0,0.0,0.0,0.0,0.0,0.0,0.0,0.0,,,,,,,,,,,,,,,,,,,,,,
BHS,max_uptake,0.0,0.0,0.0,0.0,0.0,0.0,0.0,0.0,0.0,0.0,0.0,0.0,,,,,,,,,,,,,,,,,,,,,,
BHS,mod_uptake,0.0,0.0,0.0,0.0,0.0,0.0,0.0,0.0,0.0,0.0,0.0,0.0,,,,,,,,,,,,,,,,,,,,,,
BMU,max_uptake,0.0,0.0,0.0,0.0,0.0,0.0,0.0,0.0,0.0,0.0,0.0,0.0,,,,,,,,,,,,,,,,,,,,,,
BMU,mod_uptake,0.0,0.0,0.0,0.0,0.0,0.0,0.0,0.0,0.0,0.0,0.0,0.0,,,,,,,,,,,,,,,,,,,,,,
BRB,max_uptake,0.0,0.0,0.0,0.0,0.0,0.0,0.0,0.0,0.0,0.0,0.0,0.0,,,,,,,,,,,,,,,,,,,,,,
BRB,mod_uptake,0.0,0.0,0.0,0.0,0.0,0.0,0.0,0.0,0.0,0.0,0.0,0.0,,,,,,,,,,,,,,,,,,,,,,
BRN,max_uptake,0.0,0.0,0.0,0.0,0.0,0.0,0.0,0.0,0.0,0.0,0.0,0.0,14.135773256662993,0.0,14.135773256662993,0.0,14.135773256662993,0.0,14.135773256662993,0.0,14.135773256662993,0.0,14.135773256662993,0.0,14.135773256662993,0.0,14.135773256662993,0.0,14.135773256662993,0.0,14.135773256662993,0.0,14.135773256662993,0.0
BRN,mod_uptake,0.0,0.0,0.0,0.0,0.0,0.0,0.0,0.0,0.0,0.0,0.0,0.0,14.135773256662993,0.0,14.135773256662993,0.0,14.135773256662993,0.0,14.135773256662993,0.0,14.135773256662993,0.0,14.135773256662993,0.0,14.135773256662993,0.0,14.135773256662993,0.0,14.135773256662993,0.0,14.135773256662993,0.0,14.135773256662993,0.0
CAN,max_uptake,0.0,7918.773894556363,15941.930827272894,24107.183098323243,32472.873073251336,41213.68012898473,50309.21436655355,59589.62493106973,68973.11356191043,78490.12823466209,88281.23954348371,467297.76166006806,12.530376719621584,5855416.993836593,12.530376719621584,99225.2200562962,12.530376719621584,199758.39890387794,12.530376719621584,302072.0858708845,12.530376719621584,406897.33277629514,12.530376719621584,516422.93801816093,12.530376719621584,630393.4084811143,12.530376719621584,746680.4489672581,12.530376719621584,864259.0964559782,12.530376719621584,983510.8755517226,12.530376719621584,1106197.1887550047
CAN,mod_uptake,0.0,4066.473448506221,8184.432437459058,12399.623203582589,16713.330747075106,21215.14121466254,25880.19066524313,30677.51806298164,35490.149547430134,40366.17455379606,45336.30362537031,240329.3375061068,12.530376719621584,3011417.135728599,12.530376719621584,50954.44423012165,12.530376719621584,102554.02167765271,12.530376719621584,155371.94992225087,12.530376719621584,209424.33050048552,12.530376719621584,265833.71157969185,12.530376719621584,324288.5386111304,12.530376719621584,384400.85815215576,12.530376719621584,444704.9436650071,12.530376719621584,505803.3738890673,12.530376719621584,568080.9635010357
CHE,max_uptake,0.0,759.3918423012358,1544.9475215996931,2362.873051383021,3196.3034100614814,4071.915150194764,5003.958745963811,5968.617157860615,6959.34547447154,7980.926986350813,9044.545383256442,46892.824723443424,11.312208960187585,530461.4320050426,11.312208960187585,8590.399202773397,11.312208960187585,17476.769196859652,11.312208960187585,26729.31370364079,11.312208960187585,36157.25207477562,11.312208960187585,46062.35504715679,11.312208960187585,56605.826962500854,11.312208960187585,67518.24449308022,11.312208960187585,78725.57023335787,11.312208960187585,90281.91376560056,11.312208960187585,102313.78732529677
CHE,mod_uptake,0.0,391.2190582252426,798.0578361760822,1217.76990639166,1648.0438400605735,2098.777408449515,2574.348194999271,3068.506801916802,3577.0199845727893,4098.296327654851,4639.755808546339,24111.795166993128,11.312208960187585,272757.6653342673,11.312208960187585,4425.551735851737,11.312208960187585,9027.797005138993,11.312208960187585,13775.667646530532,11.312208960187585,18643.016294315174,11.312208960187585,23741.80860530188,11.312208960187585,29121.56471811349,11.312208960187585,34711.5901390398,11.312208960187585,40463.997520254365,11.312208960187585,46360.784439201074,11.312208960187585,52485.88723052028
CHL,max_uptake,0.0,5285.414618967555,10700.891724645193,16268.695316061763,21985.969883158665,27935.09487680239,34071.57088988207,40326.9433253873,46703.92439200656,53194.65982930991,59870.66077876003,316343.8256349814,5.112658588859072,1617357.9771652245,5.112658588859072,27022.52044734577,5.112658588859072,54710.005984458214,5.112658588859072,83176.28483719453,5.112658588859072,112406.75775752804,5.112658588859072,142822.6027524768,5.112658588859072,174196.30954607629,5.112658588859072,206177.89315497442,5.112658588859072,238781.22017621706,5.112658588859072,271966.134457758,5.112658588859072,306098.24805119546
CHL,mod_uptake,0.0,2753.646003594741,5568.569039206883,8482.807755243062,11458.841778426098,14553.80706209522,17764.80880596202,21054.788699318386,24414.80917926768,27839.30546596994,31353.85987460185,165245.2436636859,5.112658588859072,844842.5142852538,5.112658588859072,14078.451890956114,5.112658588859072,28470.19232595578,5.112658588859072,43369.69992748379,5.112658588859072,58585.14583684736,5.112658588859072,74408.64667661896,5.112658588859072,90825.40232124101,5.112658588859072,107645.94628018308,5.112658588859072,124824.58384573822,5.112658588859072,142332.86419846254,5.112658588859072,160301.58098176698
CYP,max_uptake,0.0,0.0,0.0,0.0,0.0,0.0,0.0,0.0,0.0,0.0,0.0,0.0,7.198599938409309,0.0,7.198599938409309,0.0,7.198599938409309,0.0,7.198599938409309,0.0,7.198599938409309,0.0,7.198599938409309,0.0,7.198599938409309,0.0,7.198599938409309,0.0,7.198599938409309,0.0,7.198599938409309,0.0,7.198599938409309,0.0
CYP,mod_uptake,0.0,0.0,0.0,0.0,0.0,0.0,0.0,0.0,0.0,0.0,0.0,0.0,7.198599938409309,0.0,7.198599938409309,0.0,7.198599938409309,0.0,7.198599938409309,0.0,7.198599938409309,0.0,7.198599938409309,0.0,7.198599938409309,0.0,7.198599938409309,0.0,7.198599938409309,0.0,7.198599938409309,0.0,7.198599938409309,0.0
CZE,max_uptake,0.0,4809.80221830214,9548.907920885378,14240.815218689364,18937.17634761626,23693.07508772664,28512.59714355245,33246.341928067406,37861.16118093672,42324.65949449286,46752.70433952882,259927.24087979808,7.356641341271842,1912191.4859790464,7.356641341271842,35383.98984250254,7.356641341271842,70247.89077478352,7.356641341271842,104764.56997122338,7.356641341271842,139314.01440582908,7.356641341271842,174301.45569222776,7.356641341271842,209756.9508932874,7.356641341271842,244581.41347408007,7.356641341271842,278530.9835722357,7.356641341271842,311367.33979243995,7.356641341271842,343942.87756043713
CZE,mod_uptake,0.0,2584.623234397412,5134.049134214591,7649.178892234589,10141.380109551625,12667.426409174985,15227.90124289095,17746.304081896116,20192.465698562843,22558.725843643217,24912.552784678035,138814.60743124437,7.356641341271842,1021209.2798011138,7.356641341271842,19014.146137779742,7.356641341271842,37769.358108883964,7.356641341271842,56272.265665396924,7.356641341271842,74606.49617147943,7.356641341271842,93189.7128092554,7.356641341271842,112026.20782425642,7.356641341271842,130553.19426365821,7.356641341271842,148548.72794026101,7.356641341271842,165956.4551477632,7.356641341271842,183272.71573237938
DEU,max_uptake,0.0,18825.813260874875,37967.55731878834,57452.3413512773,77512.38762752287,98285.76223861903,119494.19793544998,141062.70565963336,162861.5234206157,184912.751307938,207485.01324181244,1105860.0533625318,9.809454287918047,10847883.642294368,9.809454287918047,184670.95461543347,9.809454287918047,372441.0179425625,9.809454287918047,563576.1162192185,9.809454287918047,760354.22317957,9.809454287918047,964129.6918329152,9.809454287918047,1172172.8723192276,9.809454287918047,1383748.1628982117,9.809454287918047,1597582.6692552243,9.809454287918047,1813893.1812083758,9.809454287918047,2035314.7528236299
DEU,mod_uptake,0.0,10021.418264250797,20252.90031712679,30569.235527856115,41155.84154660333,52123.28186249251,63490.15554074051,74990.53701676565,86537.96528525132,98216.75974961938,110162.40020121758,587520.495311924,9.809454287918047,5763255.441977288,9.809454287918047,98304.64436327522,9.809454287918047,198669.89985861618,9.809454287918047,299867.51852710487,9.809454287918047,403716.3463322038,9.809454287918047,511300.95076638815,9.809454287918047,622803.7785097008,9.809454287918047,735616.2448923888,9.809454287918047,848890.2146351117,9.809454287918047,963452.8150713205,9.809454287918047,1080633.0290211777
DNK,max_uptake,0.0,713.855817904375,1442.3373719717083,2170.9258358977536,2914.3722043449006,3689.751237455917,4505.19251399338,5339.4665535086015,6190.591968414661,7044.894840739888,7924.8542042388,41936.24254846999,8.290835179670482,347686.47502404905,8.290835179670482,5918.460928294038,8.290835179670482,11958.18142449651,8.290835179670482,17998.788292716643,8.290835179670482,24162.579598436514,8.290835179670482,30591.11936373221,8.290835179670482,37351.80858620442,8.290835179670482,44268.637142503016,8.290835179670482,51325.177674717816,8.290835179670482,58408.06198268535,8.290835179670482,65703.66003026257
DNK,mod_uptake,0.0,380.4072040516979,761.8891081213796,1150.2084443974454,1538.366401809884,1948.0703805956769,2376.296807470947,2812.887687273483,3256.358112605068,3702.9490913538,4161.621958825602,22089.055196504985,8.290835179670482,183136.7159088666,8.290835179670482,3153.8934299519046,8.290835179670482,6316.697020620502,8.290835179670482,9536.188634764401,8.290835179670482,12754.342283348484,8.290835179670482,16151.130443916703,8.290835179670482,19701.485168718784,8.290835179670482,23321.188194108938,8.290835179670482,26997.928397591473,8.290835179670482,30700.540595124934,8.290835179670482,34503.32174072048
ESP,max_uptake,0.0,7281.979953885468,14715.212952000338,22305.48035005889,30138.43510094256,38328.268797456,46870.09494740678,55542.99398422557,64421.193612914685,73419.8887929034,82787.22554708588,435810.7740388796,6.385559871275176,2782895.790172043,6.385559871275176,46499.5189769613,6.385559871275176,93964.87332356209,6.385559871275176,142432.980232853,6.385559871275176,192450.78176361002,6.385559871275176,244747.45516848352,6.385559871275176,299291.7974590181,6.385559871275176,354673.11351614934,6.385559871275176,411365.3887942767,6.385559871275176,468827.09562944993,6.385559871275176,528642.7853076787
ESP,mod_uptake,0.0,3901.3897412179895,7837.6646011482735,11810.53412375123,15909.622779711251,20168.49043973599,24622.42011751305,29121.57280563616,33727.74042778298,38354.29789935187,43173.61219309869,228627.3451289475,6.385559871275176,1459913.6005315874,6.385559871275176,24912.55777372624,6.385559871275176,50047.876561606376,6.385559871275176,75416.87275895197,6.385559871275176,101591.84878924959,6.385559871275176,128787.10321617516,6.385559871275176,157227.93783606993,6.385559871275176,185957.5466960887,6.385559871275176,215370.50582443643,6.385559871275176,244913.6655570351,6.385559871275176,275687.68551824766
EST,max_uptake,0.0,444.446465057272,889.586192510875,1335.353906356614,1784.527768100015,2248.414101160257,2719.333148824363,3190.766558696826,3654.59776918316,4122.168574403505,4595.756182439934,24984.950666732824,9.051979069566764,226163.25048942366,9.051979069566764,4023.1200992413624,9.051979069566764,8052.515595184031,9.051979069566764,12087.595610804286,9.051979069566764,16153.508005902027,9.051979069566764,20352.597383421413,9.051979069566764,24615.346746337214,9.051979069566764,28882.75210519724,9.051979069566764,33081.34251433135,9.051979069566764,37313.783656726395,9.051979069566764,41600.688772278336
EST,mod_uptake,0.0,234.48235876400656,469.22827210697847,704.0263279306479,940.0852382733397,1183.678644440586,1430.8396704869144,1679.2019017850978,1923.603024822388,2168.5008246316047,2418.4609982083293,13152.107261449892,9.051979069566764,119052.59965134149,9.051979069566764,2122.529403714432,9.051979069566764,4247.444497961347,9.051979069566764,6372.8315848521715,9.051979069566764,8509.631900458955,9.051979069566764,10714.634314569343,9.051979069566764,12951.930749153355,9.051979069566764,15200.100468535411,9.051979069566764,17412.414318847572,9.051979069566764,19629.224076903552,9.051979069566764,21891.85833634534
FIN,max_uptake,0.0,1053.0107581094735,2118.5398762612003,3206.9279816858134,4309.7006476066745,5463.257489411497,6662.810614285746,7870.375030733642,9083.027176110245,10305.63257155938,11558.1102439274,61631.39238969107,8.571814872931048,528292.8859254034,8.571814872931048,9026.213277719184,8.571814872931048,18159.73162023326,8.571814872931048,27489.192969833202,8.571814872931048,36941.95610903546,8.571814872931048,46830.03180238941,8.571814872931048,57112.37911905741,8.571814872931048,67463.39774398779,8.571814872931048,77858.0274394187,8.571814872931048,88337.97455185534,8.571814872931048,99073.9812918736
FIN,mod_uptake,0.0,547.1278111671277,1091.087744847614,1646.672743513314,2214.239550610397,2807.9366544299223,3426.0073256223022,4050.975163773032,4676.369670014331,5310.13707111814,5956.479793763835,31727.03352886001,8.571814872931048,271958.2578766643,8.571814872931048,4689.878309156595,8.571814872931048,9352.602158957574,8.571814872931048,14114.973913697597,8.571814872931048,18980.05151215436,8.571814872931048,24069.11317669066,8.571814872931048,29367.100548539976,8.571814872931048,34724.20915870396,8.571814872931048,40084.9750887525,8.571814872931048,45517.51192351299,8.571814872931048,51057.8420864981
FRA,max_uptake,0.0,6441.808985584075,12954.836548248712,19469.908850795888,26171.2473575243,33159.58074776012,40350.61975645527,47593.15513168004,54899.73460006993,62223.66154142693,69768.5726747225,373033.12619426777,7.181647725408573,2678992.5022351127,7.181647725408573,46262.802848836385,7.181647725408573,93037.07242977021,7.181647725408573,139826.02661223052,7.181647725408573,187952.6790562695,7.181647725408573,238140.42765265336,7.181647725408573,289783.93659277324,7.181647725408573,341797.27429644734,7.181647725408573,394270.55411612656,7.181647725408573,446868.41737558163,7.181647725408573,501053.3112544236
FRA,mod_uptake,0.0,3559.821433544968,7182.733832868436,10763.332725474367,14419.554029811536,18234.950100592545,22140.789205534245,26062.49778429471,30020.657509596746,33983.86027952788,38063.39380651975,204431.5907077652,7.181647725408573,1468155.6684080781,7.181647725408573,25565.383501078904,7.181647725408573,51583.864093034805,7.181647725408573,77298.46398571864,7.181647725408573,103556.15739960205,7.181647725408573,130956.98791285929,7.181647725408573,159007.3484366757,7.181647725408573,187171.67793104606,7.181647725408573,215597.78671906528,7.181647725408573,244060.11287707413,7.181647725408573,273357.88555192336
GBR,max_uptake,0.0,15099.732281875422,30488.5341667932,46116.687760342,62047.705105026456,78700.99871210913,96104.07201428626,113900.6112470904,131811.54052357495,149963.9061714077,168573.02536585732,892806.8133483627,8.614768213682051,7691323.75659224,8.614768213682051,130080.69369700913,8.614768213682051,262651.65502184926,8.614768213682051,397284.57583809434,8.614768213682051,534526.5976706995,8.614768213682051,677990.8620901097,8.614768213682051,827914.304794084,8.614768213682051,981227.3652903908,8.614768213682051,1135525.8694989572,8.614768213682051,1291904.2920850406,8.614768213682051,1452217.5406060058
GBR,mod_uptake,0.0,7951.400088890192,16124.717121422307,24372.562627409,32809.23089514866,41606.76026127728,50844.97224377631,60249.58528316545,69669.11024900342,79226.44127628145,89046.31841231711,471901.0984586912,8.614768213682051,4065318.583003577,8.614768213682051,68499.46874003987,8.614768213682051,138910.70051224364,8.614768213682051,209963.97780857814,8.614768213682051,282643.9194308818,8.614768213682051,358432.5957731411,8.614768213682051,438017.65071123035,8.614768213682051,519036.2121849396,8.614768213682051,600183.2364486251,8.614768213682051,682517.427990057,8.614768213682051,767113.3934038403
GRC,max_uptake,0.0,2699.436522525324,5406.255929773047,8155.239382246417,10978.739015220908,13941.355948334254,17037.6933800963,20182.22845193834,23418.749106978805,26716.32624857748,30133.667880706143,158669.691866397,7.786617597344721,1235500.2148521517,7.786617597344721,21019.479929210727,7.786617597344721,42096.44755852005,7.786617597344721,63501.730484358646,7.786617597344721,85487.24241257418,7.786617597344721,108556.007558146,7.786617597344721,132666.00309162153,7.786617597344721,157151.29521749436,7.786617597344721,182352.84390420213,7.786617597344721,208029.81610357607,7.786617597344721,234639.34859244787
GRC,mod_uptake,0.0,1422.0603174663236,2852.2855226087167,4291.647344771739,5773.662656425725,7329.828582611907,8960.594532481768,10595.556996445452,12252.658691424953,13946.962799563264,15706.493345074736,83131.75078887457,7.786617597344721,647315.1535907268,7.786617597344721,11073.039892468896,7.786617597344721,22209.65664299662,7.786617597344721,33417.41673639737,7.786617597344721,44957.30324165662,7.786617597344721,57074.572226886194,7.786617597344721,69772.72306929342,7.786617597344721,82503.55056219113,7.786617597344721,95406.76778090828,7.786617597344721,108599.6659645915,7.786617597344721,122300.45747333669
GRL,max_uptake,0.0,0.0,0.0,0.0,0.0,0.0,0.0,0.0,0.0,0.0,0.0,0.0,,,,,,,,,,,,,,,,,,,,,,
GRL,mod_uptake,0.0,0.0,0.0,0.0,0.0,0.0,0.0,0.0,0.0,0.0,0.0,0.0,,,,,,,,,,,,,,,,,,,,,,
GUY,max_uptake,0.0,0.0,0.0,0.0,0.0,0.0,0.0,0.0,0.0,0.0,0.0,0.0,,,,,,,,,,,,,,,,,,,,,,
GUY,mod_uptake,0.0,0.0,0.0,0.0,0.0,0.0,0.0,0.0,0.0,0.0,0.0,0.0,,,,,,,,,,,,,,,,,,,,,,
HRV,max_uptake,0.0,1810.3683274552395,3630.264049005629,5468.537525539917,7349.058194821408,9287.315251064538,11253.406467246725,13181.653858678286,15065.798651711524,16930.97811388946,18804.036191460986,102781.4166308737,6.505969884518331,668692.801288596,6.505969884518331,11778.201818309608,6.505969884518331,23618.3885756802,6.505969884518331,35578.14045352109,6.505969884518331,47812.75129508073,6.505969884518331,60422.99333145368,6.505969884518331,73214.32357415101,6.505969884518331,85759.44303270578,6.505969884518331,98017.63231425206,6.505969884518331,110152.4337244038,6.505969884518331,122338.49316903795
HRV,mod_uptake,0.0,969.8726859429642,1935.1309034653304,2905.319342724353,3893.392424697253,4907.071512414571,5937.204325387946,6946.782077525525,7933.096430656036,8910.690301564513,9880.38143886662,54218.94144324512,6.505969884518331,352746.80020021554,6.505969884518331,6309.96248656183,6.505969884518331,12589.90338054619,6.505969884518331,18901.920148673235,6.505969884518331,25330.29386369213,6.505969884518331,31925.259480947017,6.505969884518331,38627.272539205944,6.505969884518331,45195.55499069275,6.505969884518331,51612.486468828036,6.505969884518331,57972.682752248285,6.505969884518331,64281.464088820125
HUN,max_uptake,0.0,5735.771919909845,11425.396165822118,17048.096032183712,22617.77101478777,28209.830255472203,33776.26113376389,39185.88117299821,44383.24509508444,49410.12475208572,54288.0555710132,306080.4331131211,5.718427614659616,1750298.8010210472,5.718427614659616,32799.59653820166,5.718427614659616,65335.300943063296,5.718427614659616,97488.30312780837,5.718427614659616,129338.08635301022,5.718427614659616,161315.87233775257,5.718427614659616,193147.10438726973,5.718427614659616,224081.6250044433,5.718427614659616,253802.37437993684,5.718427614659616,282548.2218261036,5.718427614659616,310442.3161234577
HUN,mod_uptake,0.0,3017.445146336216,6005.426763863128,8964.351260483656,11916.061138019297,14878.356677452362,17820.315966554765,20684.741571188053,23441.44693671913,26136.16523718863,28743.794363723035,161608.10506152827,5.718427614659616,924144.2507366557,5.718427614659616,17255.041650529645,5.718427614659616,34341.59824429084,5.718427614659616,51261.993795458475,5.718427614659616,68141.13306962184,5.718427614659616,85080.80568509888,5.718427614659616,101904.18692510643,5.718427614659616,118284.1974027795,5.718427614659616,134048.21749051273,5.718427614659616,149457.76903364615,5.718427614659616,164369.30743961124
IRL,max_uptake,0.0,896.9760281479247,1830.6035914221416,2789.6480768254414,3784.0099064714905,4844.778837487417,5960.0766270292615,7100.975290012084,8269.054777497378,9476.973852690033,10741.485093524843,55694.58208110802,10.730691521385799,597641.3797248711,10.730691521385799,9625.173060133246,10.730691521385799,19643.642437491966,10.730691521385799,29934.852965640963,10.730691521385799,40605.04302021349,10.730691521385799,51987.82719441557,10.730691521385799,63955.74372847257,10.730691521385799,76198.37533810273,10.730691521385799,88732.67599076586,10.730691521385799,101694.48296945584,10.730691521385799,115263.56302017898
IRL,mod_uptake,0.0,468.944648931758,954.1832297137696,1455.221339681353,1977.4809467349407,2535.2127025809345,3119.7368652720256,3711.925960550109,4317.4934229672135,4945.079796130458,5606.17210917323,29091.4510217358,10.730691521385799,312171.38682375045,10.730691521385799,5032.100368291256,10.730691521385799,10239.045892938066,10.730691521385799,15615.531291458377,10.730691521385799,21219.73802883059,10.730691521385799,27204.58545249481,10.730691521385799,33476.933929129234,10.730691521385799,39831.53243288689,10.730691521385799,46329.69006747323,10.730691521385799,53064.125840913315,10.730691521385799,60158.10351933472
ISL,max_uptake,0.0,51.51023441415381,105.89454180607147,162.01764672550564,221.44951759522888,284.45627978805766,349.443792571749,417.0941306390749,485.5555883433165,556.6904038504211,631.6417191142202,3265.7538548478,11.121174795684563,36319.01945944305,11.121174795684563,572.854320686491,11.121174795684563,1177.6717093342475,11.121174795684563,1801.826569219819,11.121174795684563,2462.778793596565,11.121174795684563,3163.488009253143,11.121174795684563,3886.2254984573597,11.121174795684563,4638.576733091244,11.121174795684563,5399.948570987481,11.121174795684563,6191.051288300764,11.121174795684563,7024.597966515935
ISL,mod_uptake,0.0,26.77811895034964,54.72645667573119,83.61125574995485,114.48648315220572,146.85426708707263,180.1009508640089,214.7219437272168,250.3955614391105,286.55311979720653,325.1961917585626,1683.424349201419,11.121174795684563,18721.656442780513,11.121174795684563,297.8041415464716,11.121174795684563,608.6224906392649,11.121174795684563,929.8553900819339,11.121174795684563,1273.2241908788758,11.121174795684563,1633.1919737674812,11.121174795684563,2002.9341554276398,11.121174795684563,2387.9602686595226,11.121174795684563,2784.6928068279212,11.121174795684563,3186.8073335134727,11.121174795684563,3616.56369143793
ISR,max_uptake,0.0,1104.8993188848613,2234.6244098914444,3398.195069856923,4588.218403342024,5841.143791639473,7169.055129015933,8539.200954860848,9935.973925755208,11340.907477316336,12800.501104332829,66952.71958489588,9.694335510857721,649062.1270203553,9.694335510857721,10711.264702988019,9.694335510857721,21663.19877024011,9.694335510857721,32943.2431385356,9.694335510857721,44479.7285990895,9.694335510857721,56626.00768331666,9.694335510857721,69499.22571651584,9.694335510857721,82781.87905105768,9.694335510857721,96322.66486340511,9.694335510857721,109942.5620826996,9.694335510857721,124092.35241250721
ISR,mod_uptake,0.0,592.2004455223605,1191.3570630380232,1810.9234826173983,2445.154246420739,3108.6370344666702,3810.019673641005,4534.371009209578,5274.39805839007,6013.582735296593,6782.3300918273135,35562.97384042975,9.694335510857721,344759.4001729823,9.694335510857721,5740.989808573183,9.694335510857721,11549.41508232067,9.694335510857721,17555.69982498398,9.694335510857721,23704.145640601124,9.694335510857721,30136.17039359768,9.694335510857721,36935.60901924454,9.694335510857721,43957.713893984175,9.694335510857721,51131.78439584987,9.694335510857721,58297.68865826666,9.694335510857721,65750.18345556043
ITA,max_uptake,0.0,10872.880615980688,21915.68026797902,33153.48208327065,44766.72758607898,56996.15952734586,69660.89962277382,82612.27846386576,95771.24845987816,109215.23290909648,123006.20994257389,647970.7994788433,7.833896962693064,5076136.477951108,7.833896962693064,85177.0264332554,7.833896962693064,171685.18108667317,7.833896962693064,259720.96259483285,7.833896962693064,350697.93126629194,7.833896962693064,446502.0410064441,7.833896962693064,545716.3099733143,7.833896962693064,647176.0773392316,7.833896962693064,750262.0924231623,7.833896962693064,855580.8813663864,7.833896962693064,963617.974461515
ITA,mod_uptake,0.0,5451.736816760558,11077.47529913142,16826.57905708677,22774.12133604902,29050.766510640075,35550.0929166152,42115.78199049087,48799.23837506863,55600.93644628236,62646.93491179471,329893.66365991964,7.833896962693064,2584352.9697571313,7.833896962693064,42708.34449022249,7.833896962693064,86779.80010017307,7.833896962693064,131817.68656782675,7.833896962693064,178410.1199624777,7.833896962693064,227580.71153160866,7.833896962693064,278495.764922928,7.833896962693064,329930.6966167497,7.833896962693064,382288.2052881849,7.833896962693064,435572.00714942144,7.833896962693064,490769.63312753866
JPN,max_uptake,0.0,5348.098547989757,10737.417669532926,16205.732386459513,21767.74958946715,27734.926605228386,33971.1069033159,40369.44260163037,46923.68687871108,53735.49009749311,60896.73656401839,317690.3878438466,8.096180871600565,2572078.841152715,8.096180871600565,43299.173163669424,8.096180871600565,86932.07554645839,8.096180871600565,131204.54055753126,8.096180871600565,176235.63784403497,8.096180871600565,224546.98225649563,8.096180871600565,275036.2258977241,8.096180871600565,326838.3089884967,8.096180871600565,379902.65613239503,8.096180871600565,435052.24705340527,8.096180871600565,493030.9937125044
JPN,mod_uptake,0.0,2827.174199452821,5633.1393067456665,8483.098085160704,11398.501618028637,14512.855841888664,17749.75417835919,21003.179054841523,24306.159619877013,27735.3979257162,31311.29989531901,164960.55972538944,8.096180871600565,1335550.5282172202,8.096180871600565,22889.31367429257,8.096180871600565,45606.91470233553,8.096180871600565,68680.69644898946,8.096180871600565,92284.33076479154,8.096180871600565,117498.70585939552,8.096180871600565,143705.22025444388,8.096180871600565,170045.53650660955,8.096180871600565,196787.0645765183,8.096180871600565,224550.79815241348,8.096180871600565,253501.94727743053
KNA,max_uptake,0.0,0.0,0.0,0.0,0.0,0.0,0.0,0.0,0.0,0.0,0.0,0.0,,,,,,,,,,,,,,,,,,,,,,
KNA,mod_uptake,0.0,0.0,0.0,0.0,0.0,0.0,0.0,0.0,0.0,0.0,0.0,0.0,,,,,,,,,,,,,,,,,,,,,,
KOR,max_uptake,0.0,2534.486470850462,5178.924468682446,7946.048951914253,10860.92282945116,13962.707104020124,17249.20788632338,20686.28752080777,24252.545283032992,27984.27461180056,31908.98231347845,162564.38744036158,9.964580416305223,1619885.911476882,9.964580416305223,25255.09425282705,9.964580416305223,51605.80933815703,9.964580416305223,79179.04377324741,9.964580416305223,108224.53892935133,9.964580416305223,139132.51776732475,9.964580416305223,171881.11910083555,9.964580416305223,206130.17551590025,9.964580416305223,241666.43777286616,9.964580416305223,278851.5547612553,9.964580416305223,317959.6202651171
KOR,mod_uptake,0.0,1298.9602155963323,2634.655330669448,4020.163408318881,5490.020422027082,7065.7563511583285,8732.085013126252,10465.380155567296,12260.613003324695,14148.861816117258,16132.434669965922,82248.9303858715,9.964580416305223,819576.0809851066,9.964580416305223,12943.593525890823,9.964580416305223,26253.234911702944,9.964580416305223,40059.24156888118,9.964580416305223,54705.749982446796,9.964580416305223,70407.29736313653,9.964580416305223,87011.5633153102,9.964580416305223,104283.12214735519,9.964580416305223,122171.86422482642,9.964580416305223,140987.4713658908,9.964580416305223,160752.94257966583
KWT,max_uptake,0.0,0.0,0.0,0.0,0.0,0.0,0.0,0.0,0.0,0.0,0.0,0.0,,,,,,,,,,,,,,,,,,,,,,
KWT,mod_uptake,0.0,0.0,0.0,0.0,0.0,0.0,0.0,0.0,0.0,0.0,0.0,0.0,,,,,,,,,,,,,,,,,,,,,,
LTU,max_uptake,0.0,1418.3740836174436,2833.3654385173168,4227.1518835398365,5619.057986711137,7023.086285635491,8430.736484690828,9815.248938969802,11178.609500423858,12503.49815770513,13819.302696051484,76868.43145586233,8.611179694698409,661927.8761160382,8.611179694698409,12213.874108332993,8.611179694698409,24398.618931820572,8.611179694698409,36400.764465944376,8.611179694698409,48386.718038499865,8.611179694698409,60477.05801697921,8.611179694698409,72598.5868283227,8.611179694698409,84520.87236166686,8.611179694698409,96261.01514501264,8.611179694698409,107669.86944832938,8.611179694698409,119000.49877112951
LTU,mod_uptake,0.0,736.0243922130253,1470.1167836617335,2190.878890206987,2911.901881528202,3640.810561054341,4369.670023989713,5086.268251287736,5786.289108781167,6465.445730535798,7137.095560052647,39794.50118331135,8.611179694698409,342677.6005503825,8.611179694698409,6338.038301027541,8.611179694698409,12659.439796303253,8.611179694698409,18866.05181289379,8.611179694698409,25074.910355169744,8.611179694698409,31351.673975594666,8.611179694698409,37628.013783112525,8.611179694698409,43798.76988727814,8.611179694698409,49826.77528119094,8.611179694698409,55675.11499196439,8.611179694698409,61458.81236584752
LUX,max_uptake,0.0,83.97583545380613,170.05786950586395,258.29556061678545,351.2096263415576,448.3942308481886,549.0575859952604,652.2695358597026,760.2849030060135,871.0757781555418,986.001367114485,5130.622292897206,12.288146943461209,63045.84064651873,12.288146943461209,1031.907405756289,12.288146943461209,2089.6960893800074,12.288146943461209,3173.9738037027514,12.288146943461209,4315.715496443165,12.288146943461209,5509.934197262809,12.288146943461209,6746.900297131849,12.288146943461209,8015.183903387266,12.288146943461209,9342.492607033046,12.288146943461209,10703.907160865116,12.288146943461209,12116.129685556432
LUX,mod_uptake,0.0,45.96877023314688,93.6289300368924,141.40531128778122,192.1956156689856,246.2915505905683,303.604056123397,360.6482293265524,420.1027097870464,481.16135739588873,544.6892223486633,2829.6957527989225,12.288146943461209,34771.71721568124,12.288146943461209,564.8710034351144,12.288146943461209,1150.5260504523826,12.288146943461209,1737.6092436901295,12.288146943461209,2361.727967229491,12.288146943461209,3026.4667645898135,12.288146943461209,3730.7312542751465,12.288146943461209,4431.698436863771,12.288146943461209,5162.283829209466,12.288146943461209,5912.5814631959365,12.288146943461209,6693.22120273999
LVA,max_uptake,0.0,841.2629494829885,1676.2104966775637,2513.483439571215,3351.524426024412,4198.427070076981,5058.006287271588,5901.643011968087,6725.025730868908,7533.166502839055,8333.154979421744,46131.90489420253,7.229422937987721,333507.0514152159,7.229422937987721,6081.845663871522,7.229422937987721,12118.034613576569,7.229422937987721,18171.034832288417,7.229422937987721,24229.587562727014,7.229422937987721,30352.20496388311,7.229422937987721,36566.466673687326,7.229422937987721,42665.47336253703,7.229422937987721,48618.05527730132,7.229422937987721,54460.446711305405,7.229422937987721,60243.901754038154
LVA,mod_uptake,0.0,444.4049729728344,884.9491716113183,1325.0836292508195,1768.4092921436004,2212.8129417065315,2663.823908488437,3102.491820817011,3533.305402557889,3959.1956632371966,4378.7613763476775,24273.23817913332,7.229422937987721,175481.50487146567,7.229422937987721,3212.791505365622,7.229422937987721,6397.671840200097,7.229422937987721,9579.589984057891,7.229422937987721,12784.578700373573,7.229422937987721,15997.360638249285,7.229422937987721,19257.90966678641,7.229422937987721,22429.22553433379,7.229422937987721,25543.75912416794,7.229422937987721,28622.6999437885,7.229422937987721,31655.917934142584
MLT,max_uptake,0.0,0.0,0.0,0.0,0.0,0.0,0.0,0.0,0.0,0.0,0.0,0.0,5.840679146976857,0.0,5.840679146976857,0.0,5.840679146976857,0.0,5.840679146976857,0.0,5.840679146976857,0.0,5.840679146976857,0.0,5.840679146976857,0.0,5.840679146976857,0.0,5.840679146976857,0.0,5.840679146976857,0.0,5.840679146976857,0.0
MLT,mod_uptake,0.0,0.0,0.0,0.0,0.0,0.0,0.0,0.0,0.0,0.0,0.0,0.0,5.840679146976857,0.0,5.840679146976857,0.0,5.840679146976857,0.0,5.840679146976857,0.0,5.840679146976857,0.0,5.840679146976857,0.0,5.840679146976857,0.0,5.840679146976857,0.0,5.840679146976857,0.0,5.840679146976857,0.0,5.840679146976857,0.0
NLD,max_uptake,0.0,2608.3485628119256,5308.957707277326,8068.472842777511,10887.59889260461,13838.249339921042,16897.399343393918,20023.936504838468,23190.763964219444,26376.43953293268,29663.729445132707,156863.89613590963,8.876801992088994,1392449.745706084,8.876801992088994,23153.793718431367,8.876801992088994,47126.56635187559,8.876801992088994,71622.23580388336,8.876801992088994,96647.05953893853,8.876801992088994,122839.39930763532,8.876801992088994,149994.86815256238,8.876801992088994,177748.51945561366,8.876801992088994,205859.81975564884,8.876801992088994,234138.4309901517,8.876801992088994,263319.05263134296
NLD,mod_uptake,0.0,1322.7804760438682,2683.863543648662,4077.8846499149454,5503.779012984981,7007.523433997944,8548.121664305121,10111.925664835137,11709.55529323968,13296.717650047456,14931.852433662612,79194.00382268042,8.876801992088994,702989.4908946728,8.876801992088994,11742.060364842639,8.876801992088994,23824.12525075547,8.876801992088994,36198.57458387412,8.876801992088994,48855.956506482675,8.876801992088994,62204.397978523266,8.876801992088994,75879.9834183228,8.876801992088994,89761.56188546437,8.876801992088994,103943.40375350622,8.876801992088994,118032.32972418616,8.876801992088994,132547.09742871518
NOR,max_uptake,0.0,603.6649547754903,1224.7367904324842,1877.766655665409,2541.2991435160507,3253.5922217600464,3999.475772735494,4763.784250827994,5558.630265250466,6361.590700541471,7201.71449916894,37386.25525467384,9.611674531316561,359344.51745264855,9.611674531316561,5802.231071263944,9.611674531316561,11771.771416166297,9.611674531316561,18048.481940014688,9.611674531316561,24426.140254189813,9.611674531316561,31272.469493180703,9.611674531316561,38441.65942341937,9.611674531316561,45787.94375637037,9.611674531316561,53427.744949513326,9.611674531316561,61145.53931505474,9.611674531316561,69220.53583347531
NOR,mod_uptake,0.0,325.8656887293036,659.7250497324694,1015.817600378492,1380.997151777317,1767.981953846656,2176.3734508095267,2585.593799213051,3014.5457269826243,3453.697352609054,3909.973608010298,20290.5713820888,9.611674531316561,195026.36817908354,9.611674531316561,3132.114940989378,9.611674531316561,6341.062458185128,9.611674531316561,9763.708158021056,9.611674531316561,13273.69515155875,9.611674531316561,16993.267117615196,9.611674531316561,20918.593267779466,9.611674531316561,24851.88606822611,9.611674531316561,28974.83238752806,9.611674531316561,33195.81488294788,9.611674531316561,37581.393746232505
NRU,max_uptake,0.0,0.0,0.0,0.0,0.0,0.0,0.0,0.0,0.0,0.0,0.0,0.0,,,,,,,,,,,,,,,,,,,,,,
NRU,mod_uptake,0.0,0.0,0.0,0.0,0.0,0.0,0.0,0.0,0.0,0.0,0.0,0.0,,,,,,,,,,,,,,,,,,,,,,
NZL,max_uptake,0.0,887.1704049123628,1791.9330605423877,2728.7812896671594,3698.6363678611256,4723.316036052288,5797.6201221389365,6894.042363622152,8026.701034739394,9201.507131193595,10427.7756824637,54177.4834931931,12.178533398405547,659802.2921634173,12.178533398405547,10804.434406302182,12.178533398405547,21823.116625522536,12.178533398405547,33232.55407315566,12.178533398405547,45043.9665345541,12.178533398405547,57523.062096287285,12.178533398405547,70606.51028873709,12.178533398405547,83959.32517539509,12.178533398405547,97753.44663059007,12.178533398405547,112060.861912908,12.178533398405547,126995.01441996536
NZL,mod_uptake,0.0,490.127122389662,985.8020048852948,1497.6344660861523,2030.4849625279755,2593.2420861445203,3180.802666488298,3779.256620527575,4394.518365518693,5034.132207882328,5705.732044943263,29691.73254739376,12.178533398405547,361601.7564849599,12.178533398405547,5969.029529486902,12.178533398405547,12005.62264071071,12.178533398405547,18238.991363833466,12.178533398405547,24728.328931107186,12.178533398405547,31581.885356261915,12.178533398405547,38737.511507565156,12.178533398405547,46025.802974240345,12.178533398405547,53518.788684375955,12.178533398405547,61308.34722568398,12.178533398405547,69487.4482716943
OMN,max_uptake,0.0,0.0,0.0,0.0,0.0,0.0,0.0,0.0,0.0,0.0,0.0,0.0,,,,,,,,,,,,,,,,,,,,,,
OMN,mod_uptake,0.0,0.0,0.0,0.0,0.0,0.0,0.0,0.0,0.0,0.0,0.0,0.0,,,,,,,,,,,,,,,,,,,,,,
PAN,max_uptake,0.0,0.0,0.0,0.0,0.0,0.0,0.0,0.0,0.0,0.0,0.0,0.0,,,,,,,,,,,,,,,,,,,,,,
PAN,mod_uptake,0.0,0.0,0.0,0.0,0.0,0.0,0.0,0.0,0.0,0.0,0.0,0.0,,,,,,,,,,,,,,,,,,,,,,
POL,max_uptake,0.0,15224.4845463849,30613.4742620202,46145.90213063726,61720.056608471146,77572.86041726715,93663.57559308672,109624.24349449396,125349.57417439604,140895.03956798007,156455.0261476878,857264.2369424253,8.229436458159633,7054801.565770392,8.229436458159633,125288.92818270781,8.229436458159633,251931.6412028006,8.229436458159633,379754.76938853256,8.229436458159633,507921.2840534288,8.229436458159633,638380.9256815865,8.229436458159633,770798.4437873386,8.229436458159633,902145.7461117575,8.229436458159633,1031556.3557255599,8.229436458159633,1159486.7753945792,8.229436458159633,1287536.6962421006
POL,mod_uptake,0.0,7945.812627714967,15945.101423498803,23953.42832514288,32012.26468394431,40186.47234361604,48477.825589194224,56605.40290921971,64623.4131231733,72577.14130913113,80533.75449956396,442860.6168341993,8.229436458159633,3644493.3060584236,8.229436458159633,65389.560128222736,8.229436458159633,131219.1989835941,8.229436458159633,197123.21635684444,8.229436458159633,263442.89809830737,8.229436458159633,330712.0206293776,8.229436458159633,398945.18531601893,8.229436458159633,465830.566429948,8.229436458159633,531814.272006554,8.229436458159633,597268.9727183672,8.229436458159633,662747.415391189
PRI,max_uptake,0.0,0.0,0.0,0.0,0.0,0.0,0.0,0.0,0.0,0.0,0.0,0.0,,,,,,,,,,,,,,,,,,,,,,
PRI,mod_uptake,0.0,0.0,0.0,0.0,0.0,0.0,0.0,0.0,0.0,0.0,0.0,0.0,,,,,,,,,,,,,,,,,,,,,,
PRT,max_uptake,0.0,2213.469583095664,4466.330342287557,6770.277910784148,9120.322507746856,11557.927062748571,14098.209007899975,16675.61353538349,19315.35801847036,22002.29466199628,24776.50371912446,130996.30634953736,5.740288358365559,751956.5723271377,5.740288358365559,12705.953679440307,5.740288358365559,25638.024068448125,5.740288358365559,38863.347474173745,5.740288358365559,52353.28111575866,5.740288358365559,66345.83416513387,5.740288358365559,80927.7850418527,5.740288358365559,95722.830245765,5.740288358365559,110875.72477108827,5.740288358365559,126299.51590558593,5.740288358365559,142224.27585989112
PRT,mod_uptake,0.0,1103.2621761118526,2229.1818688519347,3389.5693656759577,4572.274959303275,5796.775184241868,7068.216353260817,8364.222613777429,9679.285700526165,11011.916647917353,12397.107647907713,65611.81251757436,5.740288358365559,376630.7235658958,5.740288358365559,6333.04302575992,5.740288358365559,12796.146730450342,5.740288358365559,19457.10556966223,5.740288358365559,26246.17672013495,5.740288358365559,33275.161106165964,5.740288358365559,40573.60004703214,5.740288358365559,48013.04969664452,5.740288358365559,55561.89102402457,5.740288358365559,63211.57693733187,5.740288358365559,71162.97270868928
PYF,max_uptake,0.0,0.0,0.0,0.0,0.0,0.0,0.0,0.0,0.0,0.0,0.0,0.0,,,,,,,,,,,,,,,,,,,,,,
PYF,mod_uptake,0.0,0.0,0.0,0.0,0.0,0.0,0.0,0.0,0.0,0.0,0.0,0.0,,,,,,,,,,,,,,,,,,,,,,
QAT,max_uptake,0.0,0.0,0.0,0.0,0.0,0.0,0.0,0.0,0.0,0.0,0.0,0.0,,,,,,,,,,,,,,,,,,,,,,
QAT,mod_uptake,0.0,0.0,0.0,0.0,0.0,0.0,0.0,0.0,0.0,0.0,0.0,0.0,,,,,,,,,,,,,,,,,,,,,,
ROU,max_uptake,0.0,0.0,0.0,0.0,0.0,0.0,0.0,0.0,0.0,0.0,0.0,0.0,5.717498864245401,0.0,5.717498864245401,0.0,5.717498864245401,0.0,5.717498864245401,0.0,5.717498864245401,0.0,5.717498864245401,0.0,5.717498864245401,0.0,5.717498864245401,0.0,5.717498864245401,0.0,5.717498864245401,0.0,5.717498864245401,0.0
ROU,mod_uptake,0.0,0.0,0.0,0.0,0.0,0.0,0.0,0.0,0.0,0.0,0.0,0.0,5.717498864245401,0.0,5.717498864245401,0.0,5.717498864245401,0.0,5.717498864245401,0.0,5.717498864245401,0.0,5.717498864245401,0.0,5.717498864245401,0.0,5.717498864245401,0.0,5.717498864245401,0.0,5.717498864245401,0.0,5.717498864245401,0.0
SAU,max_uptake,0.0,0.0,0.0,0.0,0.0,0.0,0.0,0.0,0.0,0.0,0.0,0.0,11.910763430199045,0.0,11.910763430199045,0.0,11.910763430199045,0.0,11.910763430199045,0.0,11.910763430199045,0.0,11.910763430199045,0.0,11.910763430199045,0.0,11.910763430199045,0.0,11.910763430199045,0.0,11.910763430199045,0.0,11.910763430199045,0.0
SAU,mod_uptake,0.0,0.0,0.0,0.0,0.0,0.0,0.0,0.0,0.0,0.0,0.0,0.0,11.910763430199045,0.0,11.910763430199045,0.0,11.910763430199045,0.0,11.910763430199045,0.0,11.910763430199045,0.0,11.910763430199045,0.0,11.910763430199045,0.0,11.910763430199045,0.0,11.910763430199045,0.0,11.910763430199045,0.0,11.910763430199045,0.0
SGP,max_uptake,0.0,0.0,0.0,0.0,0.0,0.0,0.0,0.0,0.0,0.0,0.0,0.0,11.992457544928575,0.0,11.992457544928575,0.0,11.992457544928575,0.0,11.992457544928575,0.0,11.992457544928575,0.0,11.992457544928575,0.0,11.992457544928575,0.0,11.992457544928575,0.0,11.992457544928575,0.0,11.992457544928575,0.0,11.992457544928575,0.0
SGP,mod_uptake,0.0,0.0,0.0,0.0,0.0,0.0,0.0,0.0,0.0,0.0,0.0,0.0,11.992457544928575,0.0,11.992457544928575,0.0,11.992457544928575,0.0,11.992457544928575,0.0,11.992457544928575,0.0,11.992457544928575,0.0,11.992457544928575,0.0,11.992457544928575,0.0,11.992457544928575,0.0,11.992457544928575,0.0,11.992457544928575,0.0
SVK,max_uptake,0.0,2051.324226214429,4114.193314136147,6203.136390670549,8312.784189777409,10472.541257585322,12664.309139915917,14834.510924242706,16966.61265889239,19066.923083007547,21191.53298864408,115877.86817308648,6.56362328668448,760578.6739522249,6.56362328668448,13464.119459721049,6.56362328668448,27004.01504258561,6.56362328668448,40715.05046428514,6.56362328668448,54561.983885205584,6.56362328668448,68737.815669051,6.56362328668448,83123.75438052321,6.56362328668448,97368.14134893473,6.56362328668448,111362.45394406178,6.56362328668448,125148.10035305018,6.56362328668448,139093.23940480666
SVK,mod_uptake,0.0,1046.4871419019166,2086.9724170468166,3152.1437344700944,4221.631121069281,5325.07670073402,6444.994245659183,7535.297414133613,8615.280688195468,9677.089188838532,10756.48464580947,58861.45729785839,6.56362328668448,386344.4318084074,6.56362328668448,6868.747373803306,6.56362328668448,13698.100755196681,6.56362328668448,20689.484018544492,6.56362328668448,27709.19633404224,6.56362328668448,34951.797436318775,6.56362328668448,42302.51431335609,6.56362328668448,49458.85357950073,6.56362328668448,56547.456946362865,6.56362328668448,63516.767947183216,6.56362328668448,70601.51310409911
SVN,max_uptake,0.0,473.6342591020881,959.707252815081,1451.2941590836326,1954.6803593972995,2479.803753412182,3025.4191520031004,3581.1116888214897,4138.090119646752,4696.040588770054,5269.333127508421,28029.1144605601,7.277229688714411,203974.30390076234,7.277229688714411,3446.7452919299694,7.277229688714411,6984.010112660454,7.277229688714411,10561.400941541227,7.277229688714411,14224.657943352982,7.277229688714411,18046.10149651656,7.277229688714411,22016.67007376214,7.277229688714411,26060.572300493946,7.277229688714411,30113.832273269112,7.277229688714411,34174.165992005335,7.277229688714411,38346.14747523064
SVN,mod_uptake,0.0,254.6213168714524,517.8990356470955,783.7979933952427,1056.4297247014808,1343.009319149879,1640.1832594135578,1942.4006857206384,2244.5289761400045,2546.0547662427566,2857.200808420144,15186.125885702251,7.277229688714411,110512.92615198686,7.277229688714411,1852.9378065164929,7.277229688714411,3768.8702379676065,7.277229688714411,5703.878027490642,7.277229688714411,7687.8817566380085,7.277229688714411,9773.387289537628,7.277229688714411,11935.990310336714,7.277229688714411,14135.29593750546,7.277229688714411,16333.9529023458,7.277229688714411,18528.22533399462,7.277229688714411,20792.50654965389
SWE,max_uptake,0.0,1114.5175159378157,2250.0237416297296,3410.6597632374765,4610.029233118312,5860.733559211469,7171.215910416038,8512.013800768142,9894.98494688624,11317.358020713762,12808.596437928722,66950.1329298477,5.909316549156708,395629.5284905906,5.909316549156708,6586.0368012563595,5.909316549156708,13296.102532408058,5.909316549156708,20154.66818244212,5.909316549156708,27242.122039362246,5.909316549156708,34632.92981164643,5.909316549156708,42376.984856997384,5.909316549156708,50300.18401952947,5.909316549156708,58472.59830029136,5.909316549156708,66877.85104453524,5.909316549156708,75690.05090212186
SWE,mod_uptake,0.0,546.7861932280414,1115.6923691593274,1695.0171846483142,2296.60578637082,2929.757913246965,3590.241588080544,4257.266909672146,4951.258130105883,5674.605906865997,6435.851918051996,33493.08389943003,5.909316549156708,197921.23496919597,5.909316549156708,3231.1327004928626,5.909316549156708,6592.979380841069,5.909316549156708,10016.393100347295,5.909316549156708,13571.370580290142,5.909316549156708,17312.866921773115,5.909316549156708,21215.87403191502,5.909316549156708,25157.537803502848,5.909316549156708,29258.55160738139,5.909316549156708,33533.04259538565,5.909316549156708,38031.4862472666
SYC,max_uptake,0.0,0.0,0.0,0.0,0.0,0.0,0.0,0.0,0.0,0.0,0.0,0.0,,,,,,,,,,,,,,,,,,,,,,
SYC,mod_uptake,0.0,0.0,0.0,0.0,0.0,0.0,0.0,0.0,0.0,0.0,0.0,0.0,,,,,,,,,,,,,,,,,,,,,,
TTO,max_uptake,0.0,0.0,0.0,0.0,0.0,0.0,0.0,0.0,0.0,0.0,0.0,0.0,,,,,,,,,,,,,,,,,,,,,,
TTO,mod_uptake,0.0,0.0,0.0,0.0,0.0,0.0,0.0,0.0,0.0,0.0,0.0,0.0,,,,,,,,,,,,,,,,,,,,,,
TWN,max_uptake,0.0,2543.941073165809,5142.256881163832,7863.229127644916,10678.78048738706,13620.462044830649,16653.75181267944,19742.6431555212,22839.378749576703,25969.41224233125,29210.539673213712,154264.39524751456,8.510250015467479,1312828.5720412422,8.510250015467479,21649.57455725768,8.510250015467479,43761.89170246225,8.510250015467479,66918.04580516448,8.510250015467479,90879.09180795953,8.510250015467479,115913.53732769424,8.510250015467479,141727.59162144674,8.510250015467479,168014.8292196432,8.510250015467479,194368.82335685275,8.510250015467479,221006.19093698086,8.510250015467479,248588.9957057804
TWN,mod_uptake,0.0,1441.751548901873,2932.6377759633774,4500.743573518716,6105.935881003456,7786.813147451938,9491.797073100788,11252.602521338487,12976.15790593556,14726.055877470786,16528.713398660773,87743.20870334576,8.510250015467479,746716.6432248144,8.510250015467479,12269.666141342428,8.510250015467479,24957.480678252847,8.510250015467479,38302.45306615281,8.510250015467479,51963.0409257531,8.510250015467479,66267.72670854522,8.510250015467479,80777.56618817015,8.510250015467479,95762.46078127026,8.510250015467479,110430.34801969655,8.510250015467479,125322.41725902072,8.510250015467479,140663.48345661038
URY,max_uptake,0.0,0.0,0.0,0.0,0.0,0.0,0.0,0.0,0.0,0.0,0.0,0.0,,,,,,,,,,,,,,,,,,,,,,
URY,mod_uptake,0.0,0.0,0.0,0.0,0.0,0.0,0.0,0.0,0.0,0.0,0.0,0.0,,,,,,,,,,,,,,,,,,,,,,
USA,max_uptake,0.0,133679.80626298755,268643.6816182051,405591.9276249852,544570.700904661,688098.0899502393,835558.2274438258,984647.8867626506,1133320.0497154775,1281913.9165223069,1432530.1910344549,7708554.477839794,17.25420958069611,133005014.52486126,17.25420958069611,2306539.3939684397,17.25420958069611,4635234.38517031,17.25420958069611,6998168.123480023,17.25420958069611,9396137.004915597,17.25420958069611,11872588.656078111,17.25420958069611,14416896.773190718,17.25420958069611,16989321.001392305,17.25420958069611,19554541.659795783,17.25420958069611,22118411.380086858,17.25420958069611,24717176.146783117
USA,mod_uptake,0.0,71080.42473239567,143225.94808926096,216537.1371643848,290830.49942069314,367363.7872786955,446027.8184537422,525220.5220539214,603772.0947535855,681810.13618098,760653.8359673496,4106522.204095009,17.25420958069611,70854794.7572374,17.25420958069611,1226436.54541765,17.25420958069611,2471250.52572601,17.25420958069611,3736177.1466382355,17.25420958069611,5018050.389463158,17.25420958069611,6338571.778064875,17.25420958069611,7695857.458421543,17.25420958069611,9062264.963600982,17.25420958069611,10417610.261854274,17.25420958069611,11764094.983909585,17.25420958069611,13124480.70414109
