ISO,scenario,diff_Y0,diff_Y1,diff_Y2,diff_Y3,diff_Y4,diff_Y5,diff_Y6,diff_Y7,diff_Y8,diff_Y9,diff_Y10,total_person_years_saved,emissions_factor_Y0,total_emissions,emissions_factor_Y1,emissions_Y1,emissions_factor_Y2,emissions_Y2,emissions_factor_Y3,emissions_Y3,emissions_factor_Y4,emissions_Y4,emissions_factor_Y5,emissions_Y5,emissions_factor_Y6,emissions_Y6,emissions_factor_Y7,emissions_Y7,emissions_factor_Y8,emissions_Y8,emissions_factor_Y9,emissions_Y9,emissions_factor_Y10,emissions_Y10
USA,max_uptake,0.0,140327.3374,265190.56070000003,421500.34459999995,539805.067,708024.1193,860584.8743999999,1036209.8697999999,1189820.1763,1360659.9560000002,1506203.391,8028325.6965,13.901284979493148,103964735.64435472,13.762272129698216,1931223.004534778,13.624649408401234,3613128.415954847,13.488402914317222,5685366.476488353,13.353518885174049,7208297.156497143,13.21998369632231,9360067.313748961,13.087783859359085,11263148.828780884,12.956906020765494,13426073.900788248,12.827336960557838,15262224.323870433,12.69906359095226,17279107.30690631,12.572072955042737,18936098.916784763
USA,mod_uptake,0.0,58549.7626,128418.6684,209541.7918,267952.0541,332037.2385,418022.1562999999,509407.93549999996,587579.6435999998,705506.6210999999,783588.7927,4000604.6646,13.901284979493148,51768476.27991793,13.762272129698216,805777.766030427,13.624649408401234,1749659.3344437343,13.488402914317222,2826384.115186373,13.353518885174049,3578102.8147455286,13.21998369632231,4389526.879541882,13.087783859359085,5470983.63007762,12.956906020765494,6600350.74650567,12.827336960557838,7537082.07962168,12.69906359095226,8959273.44518676,12.572072955042737,9851335.468578259
DEU,max_uptake,0.0,14660.911000000002,38066.3191,57242.46460000001,78413.661,95743.4529,114946.16380000001,141108.9905,161682.1883,180657.44360000003,197025.7603,1079547.3551,6.948000464780765,6988954.050782314,6.8785204601329575,100845.37627768835,6.809735255531628,259221.555223587,6.741637902976311,385907.9690071398,6.6742215239465486,523350.144017648,6.607479308707083,632622.8839809211,6.541404515620012,751909.3549345175,6.475990470463811,913820.4777747686,6.4112305657591735,1036581.7875677902,6.347118260101582,1146654.159096832,6.283647077500566,1238040.342901422
CAN,max_uptake,0.0,9160.0218,20053.579299999998,27643.9894,37009.3223,43861.60919999999,55495.6075,66893.07690000001,75797.7829,85677.00059999998,94614.76490000001,516206.7548,14.345359799562331,6902741.545890063,14.201906201566707,130089.77040790624,14.05988713955104,281951.06170203694,13.91928826815553,384784.6573404358,13.780095385473974,509991.991445749,13.642294431619234,598372.9869510189,13.505871487303041,749516.5430048108,13.37081277243001,894414.8070016631,13.23710464470571,1003343.184083985,13.104733598258653,1122774.2683608464,12.973686262276066,1227502.27559161
POL,max_uptake,0.0,16782.1221,31528.460600000002,47289.3679,62079.01599999999,79000.17210000001,92983.18220000001,110160.796,125097.2334,140410.7892,152413.93459999998,857745.0741000001,7.820318898449827,6255638.89019024,7.742115709465328,129929.13114857527,7.664694552370675,241656.0202054535,7.588047606846969,358833.97492290084,7.512167130778499,466347.94350627245,7.437045459470714,587527.87121371,7.3626750048760075,684604.9514577718,7.2890482548272475,802967.3578341805,7.216157772278975,902721.373090007,7.143996194556185,1003094.1437194307,7.072556232610623,1077956.1230919377
AUS,max_uptake,0.0,5138.755899999999,10954.412,16016.807,20615.620000000003,25950.6781,32230.7159,38029.70970000001,45749.4172,52326.8097,58915.245099999986,305928.1706,14.017916406984533,3994210.696519331,13.877737242914687,71314.30413567756,13.738959870485541,150502.22687276526,13.601570271780686,217853.7259400488,13.46555456906288,277600.7560850641,13.33089902337225,345945.8693391377,13.197590033138528,425367.7749227595,13.065614132807143,496881.512522873,12.934957991479072,591766.7896166502,12.80560841156428,670076.6344446434,12.677552327448637,746901.1026397117
DEU,mod_uptake,0.0,10713.1024,18843.9745,32478.6354,42789.362,54641.00630000001,66649.2384,77429.80309999999,89369.15569999997,104566.1128,113342.06120000003,610822.4518,6.948000464780765,3953872.524652808,6.8785204601329575,73690.29404989949,6.809735255531628,128322.47750698897,6.741637902976311,218959.1994495882,6.6742215239465486,285585.68085634056,6.607479308707083,361039.3185341834,6.541404515620012,435979.6290323947,6.475990470463811,501434.66700548923,6.4112305657591735,572966.2626599305,6.347118260101582,663693.4839407218,6.283647077500566,712201.5116172705
GBR,max_uptake,0.0,17834.5566,31794.900899999997,47860.7579,67337.039,80850.5315,101156.85930000001,116579.23629999999,133267.82320000004,148911.73109999998,174190.3702,919783.806,4.410782281142323,3781214.928249648,4.3666744583309,77877.70278087677,4.323007713747591,137449.60184854022,4.279777636610115,204833.40133163088,4.236979860244014,285305.6780914657,4.194610061641574,339136.452918969,4.152663961025158,420070.4440256026,4.111137321414906,479273.2492549773,4.070025948200756,542403.498484231,4.029325688718749,600013.8634728085,3.989032431831561,694851.0360405459
SAU,max_uptake,0.0,3543.6264999999994,6158.850499999999,9938.0504,12283.4748,15613.8988,19916.703600000004,24926.031499999997,31142.3119,36400.1057,41306.1346,201229.18829999998,18.482585283667365,3459282.090861402,18.29775943083069,64840.425209716544,18.114781836522383,111566.23317125677,17.933634018157157,178225.35872760034,17.754297677975586,218084.46811911164,17.57675470119583,274441.669136896,17.400987154183873,346570.3034972878,17.226977282642036,429400.17839691974,17.054707509815614,531123.0206339501,16.884160434717458,614585.2244794734,16.715318830370283,690445.2094891894
POL,mod_uptake,0.0,7719.6683,14467.599900000001,22213.5172,31436.403899999998,40251.145,47512.1696,57617.005900000004,66872.5321,74009.24410000001,80992.854,443092.14,7.820318898449827,3228619.4553115265,7.742115709465328,59766.56521729151,7.664694552370675,110889.73413940854,7.588047606846969,168557.22602911395,7.512167130778499,236155.520087457,7.437045459470714,299349.5951607473,7.3626750048760075,349816.6635413497,7.2890482548272475,419973.1363037662,7.216157772278975,482562.74226539023,7.143996194556185,528721.7582123799,7.072556232610623,572826.5143546222
ITA,max_uptake,0.0,14859.270500000002,25857.5245,34177.1817,44014.1473,54563.9053,67559.41029999999,78289.45559999999,91570.4847,104403.01060000001,116252.75189999999,631547.1424,5.178372692912225,3049901.169088163,5.126588965983102,76177.37218785823,5.075323076323271,131235.29079144436,5.0245698455600385,171725.63657604638,4.974324147104438,218940.6357286016,4.924580905633394,268704.36617716873,4.87533509657706,329374.7641396397,4.826581745611289,377870.45727280545,4.778315928155176,437552.70559089986,4.7305327688736245,493881.8628123604,4.683227441184888,544438.0778113386
CAN,mod_uptake,0.0,4166.3946,6894.1586,10928.5374,15945.187699999999,20034.5138,23167.8012,28044.3234,31889.928499999998,35599.8159,39373.0426,216043.7037,14.345359799562331,2888608.912293552,14.201906201566707,59170.74530791404,14.05988713955104,96931.0918381652,13.91928826815553,152117.4624199189,13.780095385473974,219726.20744528636,13.642294431619234,273316.7360539387,13.505871487303041,312901.3456505852,13.37081277243001,374975.3975108778,13.23710464470571,422130.32066668296,13.104733598258653,466526.1035165526,12.973686262276066,510813.50188363035
JPN,max_uptake,0.0,4983.091399999999,9929.707099999998,12330.013900000002,17546.5792,26211.6534,32431.189400000003,44030.7211,57101.092599999996,63204.54250000002,72334.20499999999,340102.79560000007,7.587407788436326,2396331.9190283385,7.511533710551962,37430.659033861564,7.436418373446442,73841.45632138157,7.362054189711978,90774.23049170194,7.288433647814858,127887.07824532832,7.2155493113367095,189131.47763936652,7.143393818223342,231668.7578775904,7.071959880041109,311383.49310847954,7.0012402812406975,399778.4696139751,6.931227878428291,438085.08701930585,6.861915599644008,496351.2096773475
ROU,max_uptake,0.0,13659.299800000003,24519.575699999998,34730.48900000001,45555.27,56939.3799,70046.51729999999,79176.8437,89602.3393,99950.41700000002,114402.07930000001,628582.211,3.7132861816422165,2177312.819209779,3.676153319825794,50213.680306265815,3.6393917866275363,89236.34241417212,3.602997868761261,125133.87784803644,3.566967890073648,162494.18531363536,3.5312982111729116,201069.93038616484,3.4959852290611826,244881.58982797858,3.4610253767705705,274033.0652982971,3.4264151230028648,307014.81043395394,3.392150971772836,339046.90415565023,3.3582294620551076,384188.4332256248
CZE,max_uptake,0.0,4951.3234,9657.3231,14590.606699999998,19486.2814,24253.343,29981.242500000004,34376.769799999995,39462.041,43584.1399,48160.031899999994,268503.1027,8.331411089905579,2085842.0685490235,8.248096979006522,40838.99557762431,8.165616009216457,78857.9921115359,8.083959849124293,117949.87873716389,8.00312025063305,155951.05328187413,7.923089048126719,192161.39630376082,7.843858157645451,235168.61355997153,7.765419576068997,266950.04116693744,7.687765380308306,303374.91263610695,7.610887726505223,331713.9954351966,7.534778849240171,362875.18973885186
GBR,mod_uptake,0.0,7529.969,19836.173700000003,29327.1154,40250.4916,48840.54360000001,55457.9696,64316.9029,71712.14180000001,80603.82759999999,88045.7125,505920.84770000004,4.410782281142323,2082134.431081154,4.3666744583309,32880.92330432347,4.323007713747591,85751.93191633711,4.279777636610115,125513.5326352041,4.236979860244014,170540.52227412086,4.194610061641574,204867.03560060402,4.152663961025158,230298.31170954875,4.111137321414906,264415.61991000857,4.070025948200756,291870.2779270522,4.029325688718749,324779.07315773726,3.989032431831561,351217.2026462174
SAU,mod_uptake,0.0,1565.6743000000001,3337.4252,4737.6849,7780.4254,10223.3234,12001.713899999999,15375.036199999999,17766.3383,20142.508500000004,23658.549,116588.67910000001,18.482585283667365,2004154.1110545953,18.29775943083069,28648.331688434242,18.114781836522383,60456.729393712085,17.933634018157157,84963.9070899495,17.754297677975586,138135.98861288227,17.57675470119583,179692.84763279534,17.400987154183873,208841.66940209002,17.226977282642036,264865.39933719893,17.054707509815614,302999.70322693477,16.884160434717458,340089.3450716602,16.715318830370283,395460.189598938
AUS,mod_uptake,0.0,2600.2871999999998,4590.376200000001,8242.3338,10979.6759,13393.9272,16418.3083,19044.269999999997,21620.8044,24805.2375,27879.4501,149574.67059999998,14.017916406984533,1953923.0226979423,13.877737242914687,36086.102517714346,13.738959870485541,63066.99440223192,13.601570271780686,112108.68238417314,13.46555456906288,147847.4249820746,13.33089902337225,178553.09102959902,13.197590033138528,216682.10198107557,13.065614132807143,248825.08326099504,12.934957991479072,279664.1966559859,12.80560841156428,317646.15798084973,12.677552327448637,353443.1875032431
ESP,max_uptake,0.0,7780.9538,14939.0727,22784.1475,30498.942700000003,37463.3257,48977.9111,57266.90089999999,63567.47209999999,75012.0888,85881.28,444172.09530000004,4.493714412887754,1859121.0005854152,4.448777268758876,34615.730394703,4.4042894960712875,65796.00097365533,4.360246601110575,99344.501696077,4.316644135099469,131653.08213268977,4.2734776937484735,160098.68671258393,4.230742916810989,207212.9504665233,4.188435487642879,239858.7199968879,4.14655113276645,263585.77344335464,4.105085621438786,307931.04716696934,4.064034765224398,349024.5076019708
FRA,max_uptake,0.0,6156.9524,12069.321,19066.7227,27497.105699999996,35146.9681,44466.19189999999,53702.3532,61990.3517,69861.2314,81420.14360000001,411377.3417,4.135860205252538,1583359.2347916493,4.094501603200012,25209.651472626163,4.0535565871680115,48923.67564219521,4.013021021296331,76515.15900232793,3.9728908110833676,109242.99856691808,3.9331619029725338,138238.71593591094,3.8938302839428083,173143.80463183238,3.85489198110338,207016.77071706144,3.816343061292346,236576.44857736718,3.7781796306794226,263948.2814496617,3.7403978343726285,304543.7287957485
ITA,mod_uptake,0.0,3498.3042,9580.5704,16546.4602,22058.939300000002,27496.7604,30128.722999999998,37920.38139999999,45228.2845,52061.9343,64064.9048,308585.2625,5.178372692912225,1487175.7183022723,5.126588965983102,17934.367711372342,5.075323076323271,48624.490035459676,5.0245698455600385,83138.84497167933,4.974324147104438,109728.31441950108,4.924580905633394,135410.02123261645,4.87533509657706,146887.62065694848,4.826581745611289,183025.82065185782,4.778315928155176,216115.03222948386,4.7305327688736245,246280.68621709573,4.683227441184888,300030.5201762575
KOR,max_uptake,0.0,2600.6585,4035.3432000000003,6276.878300000001,10087.053399999999,12519.5627,14748.996000000003,17670.135,21056.631199999996,26124.056999999997,28950.987199999996,144070.3025,11.090826786398114,1486711.312531825,10.979918518534133,28555.0184245332,10.870119333348791,43864.66213501758,10.761418140015303,67548.11200028843,10.65380395861515,107465.4894436824,10.547265919028998,132047.15698685666,10.441793259838708,154005.9670221881,10.33737532724032,182662.8175780056,10.234001573967916,215493.59684326188,10.131661558228236,264680.10405186325,10.030344942645954,290388.3880461277
HUN,max_uptake,0.0,6515.8553,12910.6577,18355.187799999996,23948.563199999997,29224.964500000002,35140.8713,41015.43920000001,46076.590299999996,51941.99569999999,57103.544299999994,322233.66929999995,4.568843848524205,1373557.8420831417,4.523155410038963,29472.22615122605,4.477923855938573,57812.94211068703,4.433144617379187,81371.20199655411,4.3888131712053955,105105.76960360481,4.344925039493342,126980.28003435401,4.301475789098409,151157.6071047731,4.258461031207425,174662.64951105748,4.21587642089535,194253.2106010254,4.173717656686397,216791.22457661887,4.131980480119533,235950.73039324098
CHL,max_uptake,0.0,5642.342500000001,10841.288100000002,16138.653600000001,21898.561800000003,27620.1348,35237.583,41803.9841,47818.8414,54985.193199999994,61262.5365,323249.119,4.2728472974110625,1286433.4157563164,4.230118824436952,23867.779223170655,4.187817636192582,45401.33750422478,4.1459394598306565,66909.88078877809,4.10448006523235,89882.21036535865,4.0634352645800265,112232.629758774,4.022800911934226,141753.78102675796,3.982572902814884,166487.41430636426,3.942747173786735,188537.6017836061,3.9033197020488677,214624.7879385234,3.864286505028379,236735.9930607585
ROU,mod_uptake,0.0,5232.937,10888.2328,16172.186800000001,22744.7371,31061.226400000007,36094.698000000004,42770.2381,50111.07059999999,57026.5589,63046.558399999994,335148.44409999996,3.7132861816422165,1159032.4261621323,3.676153319825794,19237.07872498923,3.6393917866275363,39626.54502320854,3.602997868761261,58268.354573609,3.566967890073648,81129.74690386682,3.5312982111729116,109686.45322315684,3.4959852290611826,126186.53105542422,3.4610253767705705,148028.8794346195,3.4264151230028648,171701.3301337042,3.392150971772836,193442.69718949587,3.3582294620551076,211724.8099000579
JPN,mod_uptake,0.0,1634.121,4091.4168,9803.937,12258.8164,15795.4603,15740.887700000001,19076.9424,20724.3035,23175.787000000004,29221.5853,151523.25740000003,7.587407788436326,1071801.122748501,7.511533710551962,12274.754978620884,7.436418373446442,30425.487064947447,7.362054189711978,72177.11546652229,7.288433647814858,89347.5699321446,7.2155493113367095,113972.92268991134,7.143393818223342,112443.35988952786,7.071959880041109,134911.37128665514,7.0012402812406975,145095.8284648576,6.931227878428291,160636.66095891598,6.861915599644008,200516.05201639803
CZE,mod_uptake,0.0,2235.6511,5542.8769,8112.655400000001,10227.3342,12539.7798,14517.084100000002,16488.441600000002,18601.5688,21413.9928,23868.7833,133548.168,8.331411089905579,1038227.2403099844,8.248096979006522,18439.867084022608,8.165616009216457,45261.004351756084,8.083959849124293,65582.38052338138,8.00312025063305,81850.58544601196,7.923089048126719,99353.79199930065,7.843858157645451,113869.94854301009,7.765419576068997,128039.66717951042,7.687765380308306,143004.49664006312,7.610887726505223,162979.4949769912,7.534778849240171,179846.003565937
QAT,max_uptake,0.0,296.2943000000001,655.5531000000001,1132.2076000000002,1371.8245000000002,1941.7326,2476.8496,2980.6708,3467.7191000000007,4030.5738000000006,4501.4340999999995,22854.8595,48.157514668497974,1023909.4483252729,47.67593952181299,14126.10912745792,47.19918012659486,30941.568849447656,46.72718832532891,52904.87774856867,46.25991644207562,63460.486743192174,45.79731727765486,88926.1439505657,45.339344104878315,112298.7363104302,44.88595066382953,133790.2424739173,44.43709115719124,154095.3497542332,43.992720245619324,177315.90561272283,43.55279304316313,196050.02775473724
ARE,max_uptake,0.0,807.9430999999998,1473.9218,2407.7762000000002,3255.8115,4135.1433,5287.653400000001,6842.350200000001,8357.373,9573.4673,10645.783399999998,52787.22320000001,19.648625763812973,964385.2031578623,19.45213950617484,15716.221894251368,19.257618111113093,28384.22315004441,19.06504193000196,45904.35421106079,18.87439151070194,61451.46093604575,18.685647595594922,77267.83046108545,18.498791119638973,97815.19575964884,18.313803208442582,125309.45504604776,18.130665176358157,151524.7316169359,17.949358524594576,171837.59689118242,17.76986493934863,189174.1331915596
NLD,max_uptake,0.0,2621.242,6096.954,8408.568199999998,10993.9812,13793.011499999999,16468.6213,18811.0165,20792.715999999997,24846.085100000004,26671.1963,149503.39210000003,6.873149624740947,958459.9925065275,6.804418128493537,17836.026583968658,6.736373947208602,41071.36208292927,6.669010207736515,56076.82715824864,6.60232010565915,72585.78311799871,6.536296904602558,90155.21837259748,6.470933935556532,106567.36044199913,6.406224596200967,120507.59658184223,6.342162350238957,131870.78057441115,6.278740726736568,156002.12641733262,6.215953319469202,165786.9111751997
ESP,mod_uptake,0.0,1468.0210000000002,5586.5808,9661.018999999998,13520.775,17726.691700000003,23976.7988,29764.0049,34091.34819999999,39577.652799999996,44289.86719999999,219662.75939999998,4.493714412887754,917310.2565711571,4.448777268758876,6530.898454860675,4.4042894960712875,24604.919136393528,4.360246601110575,42124.42525801468,4.316644135099469,58364.37410574951,4.2734776937484735,75754.62156390621,4.230742916810989,101439.67169090222,4.188435487642879,124664.61437753655,4.14655113276645,141361.51849624544,4.105085621438786,162469.65343957648,4.064034765224398,179995.56004797172
KOR,mod_uptake,0.0,1001.335,3575.3978,4438.3613,5424.4519,7315.2094,9116.812399999999,12311.287900000001,13151.214499999998,13765.550599999999,15789.2831,85888.9039,11.090826786398114,887460.8248645208,10.979918518534133,10994.576709756377,10.870119333348791,38865.00075019274,10.761418140015303,47763.0618057619,10.65380395861515,57791.04712553747,10.547265919028998,77155.45879518056,10.441793259838708,95195.87026953395,10.33737532724032,127266.4037840123,10.234001573967916,134589.54989258965,10.131661558228236,139467.8998418656,10.030344942645954,158371.95589009023
BEL,max_uptake,0.0,1824.9641,4635.915,6427.948400000001,8446.2108,10962.397500000001,13015.3243,16278.721700000004,19617.026400000002,22234.181400000005,24609.6698,128052.35940000002,7.152207908378277,852699.0674003772,7.080685829294494,12921.99744184118,7.009878971001549,32497.203069850646,6.939780181291534,44608.54891268463,6.8703823794786185,58028.69785368201,6.801678555683832,74562.70399463206,6.733661770126994,87640.79166471488,6.666325152425724,108519.25191804847,6.5996619009014665,129465.74174105827,6.533665281892452,145270.69908447893,6.468328629073527,159183.4317193862
FRA,mod_uptake,0.0,5816.1203,10732.178600000001,14938.435399999998,17635.509400000003,20556.643799999998,25294.6892,27305.256299999997,29007.0672,32859.993700000006,35250.581399999995,219396.47530000002,4.135860205252538,848637.5411385105,4.094501603200012,23814.113892754132,4.0535565871680115,43503.49325869357,4.013021021296331,59948.25528547726,3.9728908110833676,70063.95324403436,3.9331619029725338,80852.60824713654,3.8938302839428083,98493.2268298811,3.85489198110338,105258.81355284255,3.816343061292346,110700.91963716081,3.7781796306794226,124150.95886159418,3.7403978343726285,131851.19832893604
KWT,max_uptake,0.0,522.7916,1401.8493999999998,2067.8478000000005,2624.8418,3217.4547,3969.6989999999996,4839.731000000001,5918.264499999999,6845.433,7919.583500000001,39327.4963,23.000997234939486,841934.549830653,22.77098726259009,11904.480864589093,22.54327738996419,31602.27988315486,22.317844616064548,46149.90589007093,22.094666169903903,57995.00331980967,21.873719508204864,70377.70163815543,21.654982313122815,85963.76163342132,21.438432489991587,103756.2463132195,21.22404816509167,125609.53080175216,21.011807683440754,143834.9217058789,20.801689606606345,164740.71778060112
GRC,max_uptake,0.0,2749.1846,5640.1215,8092.6299,10331.8908,14211.1114,17892.996000000003,20941.786,24700.966200000003,27735.8319,31086.468699999998,163382.987,4.965985583899728,755575.452204247,4.916325728060731,13515.88698016835,4.867162470780124,27451.3876954401,4.818490846072322,38994.26309380117,4.770305937611599,49286.28002999465,4.722602878235483,67113.43560056508,4.675376849453128,83656.49926575743,4.628623080958597,96931.63403609562,4.582336850149011,113188.1476525452,4.536513481647521,125823.97533905938,4.491148346831046,139613.94251082002
SVK,max_uptake,0.0,2176.1688999999997,4336.8058,6740.808999999999,9570.0182,11613.1126,13660.309799999999,16090.3086,17885.6403,20315.0952,21968.599000000002,124356.8674,6.424040952763539,744999.8382532625,6.359800543235903,13840.000152393075,6.296202537803544,27305.40768392113,6.233240512425509,42017.083745322474,6.170908107301253,59055.702897400544,6.10919902622824,70946.81618739892,6.048107035965958,82619.01581485472,5.9876259656062985,96342.74956797833,5.9277497059502355,106021.59902905668,5.868472208890733,119218.57160216953,5.8097874868018256,127632.89157276711
HUN,mod_uptake,0.0,3370.6993,7032.500899999999,10568.792599999999,13500.108100000001,15693.782199999998,18088.525,21404.588399999997,24127.6766,28174.037399999994,31055.213,173015.92349999998,4.568843848524205,737615.217921269,4.523155410038963,15246.196774409545,4.477923855938573,31491.00354701948,4.433144617379187,46852.98602688698,4.3888131712053955,59249.45224197665,4.344925039493342,68188.3072451349,4.301475789098409,77807.3523480013,4.258461031207425,91150.60559043447,4.21587642089535,101719.30286892848,4.173717656686397,117590.47735652288,4.131980480119533,128319.53392195437
CHL,mod_uptake,0.0,3123.224,5698.8577,8161.6922,10779.9385,13949.8742,18072.251,23461.314800000004,27084.4279,31003.177000000003,34968.0817,176302.839,4.2728472974110625,700912.2343839309,4.230118824436952,13211.608635333274,4.187817636192582,23865.776782211895,4.1459394598306565,33837.88175097208,4.10448006523235,44246.04267768072,4.0634352645800265,56684.41076073509,4.022800911934226,72701.06780350424,3.982572902814884,93436.39658688981,3.942747173786735,106787.0515563556,3.9033197020488677,121015.31161020831,3.864286505028379,135126.68622003982
ARE,mod_uptake,0.0,624.8616999999999,1211.8939999999998,1650.4096000000002,1851.1084999999998,2320.0004999999996,2798.5303000000004,3333.1179999999995,4214.0777,4470.7542,5331.6853,27806.4398,19.648625763812973,509453.4994329881,19.45213950617484,12154.89696046557,19.257618111113093,23338.191843149285,19.06504193000196,31465.128225677767,18.87439151070194,34938.5465577882,18.685647595594922,43350.71176460401,18.498791119638973,51769.4274616806,18.313803208442582,61042.067122517714,18.130665176358157,76404.03180585748,17.949358524594576,80247.17001113702,17.76986493934863,94743.32768011048
NLD,mod_uptake,0.0,1244.2041999999997,3185.3516,5155.321399999999,6024.3002,6799.620999999999,8296.2702,9332.217800000002,11239.4776,12518.4128,14334.4728,78129.64959999999,6.873149624740947,500977.16953321284,6.804418128493537,8466.085614027796,6.736373947208602,21457.719530939234,6.669010207736515,34380.89104076249,6.60232010565915,39774.358332986434,6.536296904602558,44444.34169477055,6.470933935556532,53684.616375726386,6.406224596200967,59784.28320746449,6.342162350238957,71282.59167107411,6.278740726736568,78599.86828146035,6.215953319469202,89102.41378400098
AUT,max_uptake,0.0,1270.0419,2858.4515,4021.0305999999996,5771.5587,7456.730600000001,9317.8745,10826.9987,11958.9372,13853.1992,15271.386300000002,82606.2092,6.440718279858617,495686.3035929594,6.3763110970600305,8098.182260701205,6.31254798608943,18044.112259659312,6.249422506228536,25129.11912987363,6.18692828116625,35708.219747441115,6.125058998354588,45672.914859836004,6.063808408371042,56501.80574124611,6.003170324287331,64996.317296937515,5.943138621044458,71073.62153996527,5.883707234834013,81508.16835863676,5.824870162485673,88953.84239866248
QAT,mod_uptake,0.0,143.64359999999996,266.19050000000004,489.55820000000006,702.5679,862.6001,1129.3276,1481.6131,1755.7475,1966.6261,2184.9294999999993,10982.804099999998,48.157514668497974,491697.40901567996,47.67593952181299,6848.343586295495,47.19918012659486,12563.973357488352,46.72718832532891,22875.67820760904,46.25991644207562,32500.73234888454,45.79731727765486,39504.77046343681,45.339344104878315,51202.97266353638,44.88595066382953,66503.61250948353,44.43709115719124,78020.31170651062,43.992720245619324,86517.23184503337,43.55279304316313,95159.78232740186
HRV,max_uptake,0.0,1864.3763000000004,4020.4394999999995,6507.6902,8017.730799999999,10264.1397,12298.683299999999,14415.385799999998,16387.170400000003,18166.7956,20266.504200000003,112208.91579999999,4.52277724146472,473191.1911750793,4.477549469050072,8347.83711217454,4.432773974359572,17821.699581087207,4.388446234615976,28558.648554237287,4.344561772269816,34833.52673403028,4.301116154547118,44147.2570761984,4.258104993001647,52369.08476707596,4.21552394307163,60768.40398851477,4.1733687036409135,68389.70408859076,4.131635016604505,75058.56884045665,4.09031866643846,82896.46043271346
KWT,mod_uptake,0.0,423.5491,758.523,1041.9136999999998,1202.2301,1788.9546000000003,2113.3033000000005,2452.6934,2876.9553,3415.7342,4084.546,20158.4027,23.000997234939486,431833.75096740585,22.77098726259009,9644.631161181496,22.54327738996419,17099.594395667806,22.317844616064548,23253.26805994889,22.094666169903903,26562.872718910185,21.873719508204864,39131.09113331284,21.654982313122815,45763.54558376409,21.438432489991587,52581.90187454793,21.22404816509167,61060.637856015754,21.011807683440754,71770.75010815135,20.801689606606345,84965.45807590552
BEL,mod_uptake,0.0,1152.5919000000001,2295.4384,3413.4485999999997,4797.5581999999995,5250.989299999999,7101.912600000001,8084.5918,9478.573800000002,10575.1021,11540.377000000002,63690.58370000001,7.152207908378277,424629.9758847753,7.080685829294494,8161.141133289618,7.009878971001549,16090.745369389442,6.939780181291534,23688.582944137328,6.8703823794786185,32961.05932180316,6.801678555683832,35715.541317935254,6.733661770126994,47821.877369403206,6.666325152425724,53894.51766343476,6.5996619009014665,62555.38238274285,6.533665281892452,69094.17744323796,6.468328629073527,74646.95093940168
PRT,max_uptake,0.0,2141.9320000000002,4488.2523,6700.7525,8702.1653,11872.036100000001,14538.9615,16256.6062,18864.4494,21684.791600000004,23846.2275,129096.17440000002,3.419427587407808,411335.25810821593,3.38523331153373,7250.939557440066,3.3513809784183923,15041.8433845626,3.3178671686342085,22232.206724893593,3.2846884969478665,28583.90225944888,3.2518416119783877,38605.98100888961,3.2193231958586037,46805.6160006452,3.1871299639000177,51811.916731342804,3.1552586642610176,59522.21741586356,3.1237060776184076,67736.9153128086,3.0924690168422235,73743.71971232099
ISR,max_uptake,0.0,1188.023,2251.9215999999997,3809.3834,4787.3999,6195.4109,6597.4812999999995,7871.7542,9531.885199999999,11087.3514,12702.718,66023.3289,6.219413138389684,382683.6255248816,6.1572190070057875,7314.917796360036,6.095646816935729,13726.918733028813,6.034690348766372,22988.449238730827,5.974343445278708,28601.571212492945,5.914600010825922,36643.37737621103,5.855454010717662,38631.24833871977,5.7968994706104855,45631.76775475587,5.738930475904381,54702.82646710191,5.681541171145337,62993.24345805589,5.6247257594338835,71449.30514942447
GRC,mod_uptake,0.0,1117.504,2553.3643999999995,3563.9932999999996,5059.504000000001,6166.7059,7981.053899999999,10237.519799999998,12458.374500000002,14302.4809,16775.451399999998,80215.9521,4.965985583899728,370365.96903193695,4.916325728060731,5494.013666410779,4.867162470780124,12427.639381906005,4.818490846072322,17173.069091513087,4.770305937611599,24135.381972569638,4.722602878235483,29122.903032571732,4.675376849453128,37314.4346382976,4.628623080958597,47385.62043805063,4.582336850149011,57088.46856430677,4.536513481647521,64883.39742385617,4.491148346831046,75341.04082245454
OMN,max_uptake,0.0,431.6584,743.2836,1302.5958,1574.4415000000001,1727.7522000000001,2100.8701,2476.2821,3002.1225999999997,3705.6475000000005,4374.1242999999995,21438.7781,18.437163874612345,368235.3022335305,18.25279223586622,7878.971092066435,18.070264313507558,13431.331111895426,17.889561670372483,23302.867895668183,17.71066605366876,27884.407627537326,17.533559393132073,30293.645815314605,17.35822379920075,36467.373368849265,17.184641561208743,42554.02029293726,17.012795145596655,51074.496795766005,16.842667194140688,62412.987581299465,16.67424052219928,72935.20065219655
NZL,max_uptake,0.0,756.5618999999999,1708.2376,2562.6818,3772.4443999999994,4831.919900000001,6098.222100000001,7124.724,8233.6982,9587.5871,10825.8298,55501.906800000004,6.8246139180171586,352542.4092473915,6.756367778836987,5111.61044385569,6.688804101048617,11426.066664445447,6.621916060038131,16969.863768187424,6.555696899437749,24731.002056381298,6.490139930443372,31359.836283693952,6.425238531138938,39182.53160836302,6.360986145827549,45320.27065684504,6.297376284369273,51850.695777333975,6.23440252152558,59772.87719158613,6.172058496310324,66817.6547966995
SVK,mod_uptake,0.0,1087.0491,2311.3223000000003,3300.9443,4262.5959,5303.583700000001,6663.9157000000005,7321.202499999999,8283.173699999998,9642.7769,10553.3403,58729.9044,6.424040952763539,351888.5952589956,6.359800543235903,6913.4154567041,6.296202537803544,14552.553330941926,6.233240512425509,20575.57974002006,6.170908107301253,26304.08759745908,6.10919902622824,32400.648375559973,6.048107035965958,40304.075432254016,5.9876259656062985,43836.62218846174,5.9277497059502355,49100.58046450971,5.868472208890733,56588.36825418354,5.8097874868018256,61312.664418901426
LTU,max_uptake,0.0,1495.1707000000001,2939.7081,4196.0572,5417.9134,7221.7273000000005,8683.2216,9911.9599,11069.2401,12826.564,13999.1492,77760.7115,4.567024831234318,331158.1607814323,4.521354582921974,6760.196896695657,4.476141037092755,13158.548063483971,4.431379626721827,18594.322388639437,4.387065830454609,23768.742749502155,4.343195172150063,31365.37114394431,4.299763220428562,37335.79687051086,4.256765588224276,42192.88981417894,4.214197932342033,46647.968742017525,4.172055953018613,53513.14269297423,4.130335393488426,57821.18141948519
IRL,max_uptake,0.0,741.4250000000001,1541.6885,2524.4051,3748.1416,5035.5042,6313.334399999999,7701.258599999999,9072.897500000001,10135.8696,11195.179,58009.70349999999,6.1200165799984925,330245.55548578425,6.058816414198508,4492.157959897129,5.998228250056522,9247.399513487264,5.938245967555957,14990.538405552694,5.878863507880398,22034.812874608448,5.8200748728015945,29307.011466306896,5.761874124073579,36376.63811598359,5.704255382832843,43929.94582363772,5.6472128290045145,51236.58315824299,5.590740700714469,56667.018709854485,5.534833293707324,61963.449458213065
FIN,max_uptake,0.0,1237.1921,2284.9503999999997,3140.69,4321.3656,5157.523,6343.535399999999,7429.2861,8759.369299999998,10195.6945,11359.7326,60229.33900000001,5.778906576412124,324396.5148761775,5.7211175106480034,7078.121387345375,5.663906335541523,12941.745046958136,5.607267272186108,17610.688249082188,5.551194599464247,23988.741381030577,5.495682653469604,28344.109685970514,5.440725826934908,34513.43688485585,5.386318568665558,40016.50167235893,5.332455382978902,46708.94597528513,5.279130829149113,53824.40515953605,5.226339520857622,59369.81943375471
AUT,mod_uptake,0.0,889.0030999999999,2042.7825000000005,3103.1569,3732.0559000000003,4432.5787,5218.4177,5934.714300000001,6316.5463,7106.8362,8287.9196,47064.0112,6.440718279858617,283097.725023938,6.3763110970600305,5668.560331850767,6.31254798608943,12895.162556393734,6.249422506228536,19392.938571218372,6.18692828116625,23089.962194603366,6.125058998354588,27149.80605234988,6.063808408371042,31643.48512765227,6.003170324287331,35627.10076888366,5.943138621044458,37540.11026714547,5.883707234834013,41814.54356672026,5.824870162485673,48276.05558712019
TTO,max_uptake,0.0,300.963,513.1134999999999,795.2446000000001,1014.1024,1265.0649,1581.1055000000001,1915.154,2232.5404,2561.5420999999997,2961.4592000000002,15140.2896,19.902011685472136,280651.88450444344,19.702991568617414,5929.871451465803,19.50596165293124,10008.772254601332,19.310902036401927,15356.890565577638,19.117793016037908,19387.399780267282,18.92661508587753,23943.39642095415,18.737348935018755,29625.725456577296,18.54997544566857,35526.05967467394,18.364475691211883,40999.43390544845,18.180830934299763,46570.96385119117,17.999022624956766,53303.37114368637
SGP,max_uptake,0.0,325.6366,872.4448,1460.3631,2231.769,2562.3772,3189.9868,4038.2969000000003,4751.732399999999,5516.156300000001,5868.7321999999995,30817.495300000002,9.643746975149588,276521.49967318535,9.547309505398092,3108.953406485516,9.45183641034411,8246.205526655385,9.35731804624067,13665.081989693968,9.263744865778262,20674.538615353085,9.17110741712048,23499.836544380407,9.079396342949275,28963.15448597646,8.988602379519783,36298.645124547365,8.898716355724584,42284.318825906426,8.809729192167339,48595.843184667785,8.721631900245665,51184.92196951892
NOR,max_uptake,0.0,329.7087,998.9675,1497.9457,2112.1017,2632.7079,3495.5346,4522.9589000000005,5263.227199999999,6534.579600000001,7518.734399999999,34906.4662,7.983413272787817,258854.62958937814,7.9035791400599384,2605.8788036162805,7.824543348659339,7816.464507651848,7.746297915172746,11603.53365295198,7.668834936021018,16197.359305389386,7.592146586660808,19987.904296659945,7.5162251207942,26273.224971125306,7.441062869586258,33655.62153145471,7.366652240890395,38772.36444719527,7.292985718481491,47656.5956990805,7.220055861296676,54285.682374252945
ISR,mod_uptake,0.0,909.6055,1399.0769999999998,2025.1181000000001,2952.9474,3665.4528,4352.7731,5192.417199999999,5915.2813,6807.603499999999,7756.541799999999,40976.8177,6.219413138389684,237512.36068115558,6.1572190070057875,5600.640273477003,6.095646816935729,8528.279261697988,6.034690348766372,12220.960653182094,5.974343445278708,17641.921943442805,5.914600010825922,21679.687170561905,5.855454010717662,25487.462706138955,5.7968994706104855,30099.920517868773,5.738930475904381,33947.38812611728,5.681541171145337,38677.67956208309,5.6247257594338835,43628.42046658566
BHR,max_uptake,0.0,163.4532,305.19559999999996,504.6829000000001,707.8934999999999,853.0658999999999,1100.1813,1314.6259000000002,1482.3169,1721.4428,1982.8933999999997,10135.7514,23.731261798068434,223944.0420276486,23.49394918008775,3840.1611741227193,23.259009688286874,7098.547417222524,23.026419591404004,11621.04021600659,22.796155395489965,16137.250229457273,22.568193841535066,19252.156590803566,22.342511903119714,24580.813790839722,22.119086784088516,29078.324370710478,21.89789591624763,32459.621191094848,21.678916957085153,37319.01550757215,21.4621277875143,42557.1115398187
HRV,mod_uptake,0.0,828.0009999999999,1760.3340999999996,2855.2907999999998,3575.6053,4484.284799999999,5277.4225,6405.359,7593.9601999999995,8631.995,9853.9681,51266.220799999996,4.52277724146472,215999.0183008971,4.477549469050072,3707.4154379229285,4.432773974359572,7803.163184657678,4.388446234615976,12530.290159993636,4.344561772269816,15534.438099105348,4.301116154547118,19287.429794870088,4.258104993001647,22471.81909742923,4.21552394307163,27001.944228469354,4.1733687036409135,31692.39583537469,4.131635016604505,35664.252805155,4.09031866643846,40305.869657919124
PRI,max_uptake,0.0,800.0144,1870.1043000000002,2723.0731,3491.9140999999995,4492.419,5579.4345,6818.2212,8066.2764,9015.0729,10500.276,53356.8059,4.3121713269775315,214213.22264832957,4.2690496137077565,3415.3011652806426,4.226359117570679,7903.7323591131335,4.184095526394972,11393.59797575649,4.142254571131023,14464.39714272187,4.100832025419712,18422.655706804,4.059823705165515,22651.520444518304,4.01922546811386,27403.968294273844,3.9790332134327215,32095.981704328522,3.9392428812983944,35512.56174571107,3.8998504524854103,40949.50610982169
PRT,mod_uptake,0.0,1016.4636,1937.3006,3551.9744000000005,4538.0034,5733.7069,6665.900500000001,7819.1756,9221.8611,10862.805400000001,12071.6114,63418.8029,3.419427587407808,202010.68189089058,3.38523331153373,3440.9664386814966,3.3513809784183923,6492.632380318539,3.3178671686342085,11784.979245589193,3.2846884969478665,14905.927567090306,3.2518416119783877,18645.106688307606,3.2193231958586037,21459.688100935466,3.1871299639000177,24920.728847755898,3.1552586642610176,29097.35713638664,3.1237060776184076,33932.21124796606,3.0924690168422235,37331.08423785937
OMN,mod_uptake,0.0,164.8236,467.92840000000007,556.7238,810.8302,1037.2199,1181.507,1436.2694999999999,1631.2086,1961.9821,2346.6775000000002,11595.1706,18.437163874612345,199086.25900129514,18.25279223586622,3008.4909263675195,18.070264313507558,8455.58986779669,17.889561670372483,9959.544753464115,17.71066605366876,14360.342898429451,17.533559393132073,18186.15672038851,17.35822379920075,20508.862926322283,17.184641561208743,24681.7765427965,17.012795145596655,27751.417751535515,16.842667194140688,33045.01155116125,16.67424052219928,39129.065063033304
EST,max_uptake,0.0,440.5567000000001,850.5252,1276.0057,1765.9851999999998,2275.0662,2765.5894,3343.0847000000003,3760.0769999999998,4293.0423,4752.246300000001,25522.178700000004,8.345994923687465,198440.61957012166,8.26253497445059,3640.115141978537,8.179909624706085,6957.219269535068,8.098110528459024,10333.235193543727,8.017129423174435,14158.131907810588,7.93695812894269,18057.105169972758,7.857588547653263,21730.863596951258,7.77901266217673,26005.898212029297,7.701222535554963,28957.189727821897,7.6242103101994125,32731.0573657822,7.547968207097418,35869.803984696344
SWE,max_uptake,0.0,1003.0055,1969.7555,2565.0424,3683.3372000000004,4977.9865,6191.3845,7809.0524000000005,9253.603,10716.540700000001,12088.829900000002,60258.5376,3.3589670779049703,188282.18754239654,3.3253774071259206,3335.3718289230374,3.2921236330546613,6484.6786328894,3.2592023967241146,8359.992337778975,3.2266103727568733,11884.69401588126,3.1943442690293047,15901.402647580248,3.1624008263390118,19579.63945898255,3.1307768180756215,24448.400225057798,3.099469049894865,28681.25609851427,3.0684743593959163,32883.43035937277,3.037789615801957,36723.32193741622
DNK,max_uptake,0.0,818.3705000000001,1442.0985,2387.764,3082.4191,3852.4571000000005,4519.2028,5296.9684,6146.7989,7207.4112,8100.6152,42854.10570000001,4.501953269506799,179803.38797836995,4.456933736811731,3647.4230906614853,4.4123643994436135,6363.064081891036,4.368240755449177,10430.328019194349,4.324558347894685,13330.101250615022,4.2813127644157385,16493.57375659404,4.238499636771581,19154.63942629711,4.196114640403866,22226.68665299664,4.154153493999827,25534.74612734929,4.112611959059828,29641.285494981745,4.07148583946923,32981.54007778921
FIN,mod_uptake,0.0,317.0563,1064.1853999999998,1692.4008999999999,2492.2437999999997,3160.9100999999996,3483.124,4219.2449,5031.134300000001,5526.1824,6363.1542,33349.6363,5.778906576412124,179472.05927035696,5.7211175106480034,1813.9163497912666,5.663906335541523,6027.446429250789,5.607267272186108,9489.744177988312,5.551194599464247,13834.93032310825,5.495682653469604,17371.35880574687,5.440725826934908,18950.722705216824,5.386318568665558,22726.197150617456,5.332455382978902,26828.299180524795,5.279130829149113,29173.439875341235,5.226339520857622,33256.00427277116
IRL,mod_uptake,0.0,469.8836,1031.72,1536.3482,2056.6862,2655.8485,3137.6351000000004,3827.6642999999995,4592.5497,5303.9121,5745.904399999999,30358.1521,6.1200165799984925,173010.0175813312,6.058816414198508,2846.938468442686,5.998228250056522,6188.492050148316,5.938245967555957,9123.213503411853,5.878863507880398,12090.977448341207,5.8200748728015945,15457.237120817806,5.761874124073579,18078.658493475017,5.704255382832843,21833.9746869521,5.6472128290045145,25935.105583680834,5.590740700714469,29652.797250481948,5.534833293707324,31802.622975579405
NOR,mod_uptake,0.0,531.0461000000001,907.8061,1261.3495,1664.4202,2046.5407999999995,2361.667,2900.1806,3236.0903999999996,3697.1951,4446.9902999999995,23053.286099999998,7.983413272787817,171614.43263968607,7.9035791400599384,4197.164878370185,7.824543348659339,7103.168181627375,7.746297915172746,9770.789002154186,7.668834936021018,12764.16377797909,7.592146586660808,15537.637749182077,7.5162251207942,17750.820832350673,7.441062869586258,21580.426177754394,7.366652240890395,23839.15259688389,7.292985718481491,26963.591062739746,7.220055861296676,32107.518380644462
LTU,mod_uptake,0.0,870.8421000000001,1672.909,2222.0128999999997,2871.0764,3812.5423,4364.8959,4964.6498,5817.76,6434.054,7220.448399999999,40251.190800000004,4.567024831234318,171511.03004050007,4.521354582921974,3937.3859198363966,4.476141037092755,7488.176626221803,4.431379626721827,9846.582695373083,4.387065830454609,12595.601171064629,4.343195172150063,16558.615310977897,4.299763220428562,18768.01885181943,4.256765588224276,21133.350426224537,4.214197932342033,24517.19216286219,4.172055953018613,26843.233292743218,4.130335393488426,29822.873583376877
CHE,max_uptake,0.0,1048.4353,1603.799,2385.7485,3211.9733,4081.024,4569.9426,5683.1385,6952.202800000001,7667.666399999999,8759.7881,45963.7185,3.850285994982275,164917.61159748014,3.8117831350324525,3996.40799471269,3.7736653036821277,6052.200640380092,3.7359286506453064,8912.986174384065,3.6985693641388533,11879.706045811974,3.661583670497465,14943.010837308246,3.6249678337924904,16565.894927278023,3.5887181554545653,20395.182314912825,3.5528309739000195,24700.001444674446,3.5173026641610194,26969.50345661793,3.4821296375194093,30502.717761399836
NZL,mod_uptake,0.0,435.0313,872.0421999999999,1282.7026,1843.9608,2182.1658,2640.5681000000004,3039.9913,3679.7564000000007,4439.8922,5327.9285,25744.0392,6.8246139180171586,163557.9039633277,6.756367778836987,2939.2314581055666,6.688804101048617,5832.919443647457,6.621916060038131,8493.948947192666,6.555696899437749,12088.448099244752,6.490139930443372,14162.561393427906,6.425238531138938,16966.27990021634,6.360986145827549,19337.34254273628,6.297376284369273,23172.810685616056,6.23440252152558,27680.075126981756,6.172058496310324,32884.28636615892
LVA,max_uptake,0.0,1011.4517,1785.1397999999997,2660.7241999999997,3725.0356999999995,4398.8843,5318.496800000001,6186.1029,6894.658,7632.9993,8494.890300000003,48108.383,3.4893698617003426,156619.75138752165,3.454476163083339,3494.0357877601205,3.4199314014525055,6105.055658002644,3.3857320874379804,9008.499299762749,3.3518747665636006,12485.853167378576,3.3183560188979646,14597.064193340759,3.2851724587089848,17472.17920909187,3.252320734121895,20119.190725081582,3.2197975267806758,22199.4027763986,3.187599551512869,24330.945145378042,3.15572355599774,26807.525425326716
SVN,max_uptake,0.0,389.10200000000003,926.3358000000001,1487.8835000000004,2057.6167,2462.5124,3043.3399000000004,3551.8807,4172.664900000001,4689.6867,5381.3285,28162.351100000003,5.695223821612375,149398.18139324308,5.638271583396251,2193.8627496426484,5.581888867562288,5170.703489644407,5.526069978886665,8222.148341430819,5.470809279097798,11256.82853518659,5.41610118630682,13337.216330935255,5.361940174443752,16318.20647429763,5.3083207726993145,18854.52210195978,5.2552375649723215,21928.34532852148,5.202685189322598,24398.963536653173,5.150658337429372,27717.384504971298
SGP,mod_uptake,0.0,215.14139999999998,356.78600000000006,683.5613000000001,930.1469000000001,1283.2453999999998,1853.6824000000001,2253.9480000000003,2428.2842000000005,2896.0745,3428.279000000001,16329.149100000002,9.643746975149588,146320.62134338234,9.547309505398092,2054.0215332246526,9.45183641034411,3372.2829055010343,9.35731804624067,6396.300488201733,9.263744865778262,8616.643569294567,9.17110741712048,11768.781405925734,9.079396342949275,16830.317203549435,8.988602379519783,20259.84235611386,8.898716355724584,21608.612326887593,8.809729192167339,25513.63206534143,8.721631900245665,29900.187489342316
TTO,mod_uptake,0.0,98.9505,229.373,355.86940000000004,500.09229999999997,613.5283999999999,780.8956000000001,976.1507000000001,1163.551,1255.6003999999998,1427.0441,7401.0554,19.902011685472136,137089.34442837856,19.702991568617414,1949.6208672104774,19.50596165293124,4474.140942217798,19.310902036401927,6872.159121153133,19.117793016037908,9560.661080314334,18.92661508587753,11612.015871054302,18.737348935018755,14631.913339020832,18.54997544566857,18107.571516272186,18.364475691211883,21368.004054985275,18.180830934299763,22827.858593439152,17.999022624956766,25685.399042711066
PAN,max_uptake,0.0,709.615,1396.2125,2240.8206,3020.4046999999996,3864.1796000000004,4617.350999999999,5630.4706,6512.1148,7467.517699999999,8342.999399999999,43801.6859,3.301479178399191,134675.56731723808,3.2684643866151992,2319.3513557079445,3.235779742749047,4517.836124073005,3.2034219453215567,7178.293885568618,3.171387725868341,9578.874392735048,3.139673848609658,12132.263636450929,3.108277110123561,14352.00642270613,3.0771943390223253,17326.052256351635,3.046422395632102,19838.65236964727,3.015958171675781,22521.72102944853,2.9857985899590234,24910.515844548976
PRI,mod_uptake,0.0,665.4705000000001,1152.1873,1795.2792000000002,2252.2776000000003,3005.7007,3587.3504999999996,4377.7989,4963.632799999999,5558.8803,6142.430399999999,33501.008200000004,4.3121713269775315,134639.65525110273,4.2690496137077565,2840.9265809589083,4.226359117570679,4869.557300504143,4.184095526394972,7511.619669349945,4.142254571131023,9329.50718405601,4.100832025419712,12325.873689386446,4.059823705165515,14564.010598637362,4.01922546811386,17595.36083316084,3.9790332134327215,19750.459770484056,3.9392428812983944,21897.77964976488,3.8998504524854103,23954.559974800137
BHR,mod_uptake,0.0,91.4077,172.21450000000002,230.5431,335.171,419.3361,628.0346999999999,743.5745,877.1276,1062.4058,1216.7685999999999,5776.5836,23.731261798068434,127398.47816683631,23.49394918008775,2147.527858468707,23.259009688286874,4005.53872396348,23.026419591404004,5308.582154503013,22.796155395489965,7640.610200061767,22.568193841535066,9463.658389553333,22.342511903119714,14031.872760322218,22.119086784088516,16447.188895935225,21.89789591624763,19207.248890068087,21.678916957085153,23031.807112925617,21.4621277875143,26114.443181034872
URY,max_uptake,0.0,950.4303,1634.9409,2269.1038,3464.8786,4296.6053,5237.3755,6355.212799999999,7535.020200000001,8479.069500000001,9484.025799999998,49706.66269999999,2.6024466357209284,120466.30732338382,2.576422169363719,2448.7096953550104,2.5506579476700817,4170.175000555876,2.525151368193381,5729.830565142799,2.499899854511447,8661.849508039826,2.4749008559663324,10633.67213471948,2.450151847406669,12832.365256887426,2.425650328932602,15415.524018756681,2.401393825643276,18094.550984377365,2.3773798873868435,20157.969293055223,2.353606088512975,22321.66086649413
EST,mod_uptake,0.0,246.31159999999994,413.5603,857.1274999999999,1116.8029,1371.5781000000002,1638.4148,1898.8262,2092.1731,2443.4444,2719.4697,14797.7086,8.345994923687465,115111.94653021649,8.26253497445059,2035.1582096128834,8.179909624706085,3382.8858783663354,8.098110528459024,6941.113231981762,8.017129423174435,8953.553389476536,7.93695812894269,10886.157950274772,7.857588547653263,12873.989368785611,7.77901266217673,14770.993053072923,7.701222535554963,16112.290626001886,7.6242103101994125,18629.333986879017,7.547968207097418,20526.470835764754
SWE,mod_uptake,0.0,711.6447999999999,1396.6173,2141.3254,2425.5762000000004,2806.7238000000007,3471.3983,4126.4241999999995,4769.5264,5392.6103,5791.9160999999995,33033.7628,3.3589670779049703,103556.94320621327,3.3253774071259206,2366.487539818644,3.2921236330546613,4597.836819662992,3.2592023967241146,6979.012875846224,3.2266103727568733,7826.389326832202,3.1943442690293047,8965.642085278154,3.1624008263390118,10977.95285247184,3.1307768180756215,12918.913226906241,3.099469049894865,14782.999459456476,3.0684743593959163,16547.086435764322,3.037789615801957,17594.622584176166
SVN,mod_uptake,0.0,355.0659999999999,569.2281,808.4368999999999,1115.0607000000002,1434.447,1851.6093999999998,2108.8917,2436.659,2833.6879,3114.9823,16628.069,5.695223821612375,88231.30991863087,5.638271583396251,2001.9585380301728,5.581888867562288,3177.367994493633,5.526069978886665,4467.4788829142,5.470809279097798,6100.284424317288,5.41610118630682,7769.110098394259,5.361940174443752,9928.218829237689,5.3083207726993145,11194.673618483172,5.2552375649723215,12805.221909827893,5.202685189322598,14742.786068492655,5.150658337429372,16044.209554439924
DNK,mod_uptake,0.0,400.1112,774.1336,1063.6671,1495.3513000000003,1853.8854999999999,2022.2219,2539.7031,2932.8554,3411.9653,3969.7039999999993,20463.5984,4.501953269506799,85855.46679730361,4.456933736811731,1783.2691057562258,4.4123643994436135,3415.7595370531226,4.368240755449177,4646.353976450435,4.324558347894685,6466.7339474501705,4.2813127644157385,7937.063654915253,4.238499636771581,8571.186788621537,4.196114640403866,10656.885360189084,4.154153493999827,12183.53150730626,4.112611959059828,14032.089296677153,4.07148583946923,16162.593622884358
CHE,mod_uptake,0.0,636.1510000000001,963.1954,1314.1945000000003,1719.7962,2061.0443999999998,2252.8812000000003,2728.9185,3418.2066999999997,3736.7975999999994,4055.889899999999,22887.075399999994,3.850285994982275,82247.69012617377,3.8117831350324525,2424.8696531340297,3.7736653036821277,3634.7770616462285,3.7359286506453064,4909.736885070484,3.6985693641388533,6360.785537882416,3.661583670497465,7546.686519210244,3.6249678337924904,8166.621883355828,3.5887181554545653,9793.31936570584,3.5528309739000195,12144.310638952571,3.5173026641610194,13143.448153910502,3.4821296375194093,14123.134427305631
BRN,max_uptake,0.0,58.95900000000002,128.6397,181.5697,244.82309999999998,319.87399999999997,385.80219999999997,465.3295999999999,567.6251,666.023,750.6453,3769.2907000000005,21.170326114666338,74265.68548520688,20.958622853519675,1235.699444820667,20.749036624984477,2669.1498467270158,20.54154625873463,3729.7223917345696,20.336130796147284,4978.754583518245,20.13276948818581,6439.949507263947,19.931441793303954,7689.59409302861,19.732127375370915,9181.942938730395,19.534806101617207,11088.446266911076,19.339458040601034,12880.523862575223,19.146063460195023,14371.902549897131
LVA,mod_uptake,0.0,349.4694,836.2116,1272.7067000000002,1713.9065999999998,2123.2252,2528.2682,2862.7105,3147.8184,3652.0685,4159.149,22645.5341,3.4893698617003426,73684.52539767745,3.454476163083339,1207.2337120270367,3.4199314014525055,2859.7863090988417,3.3857320874379804,4309.043912087304,3.3518747665636006,5744.800284786814,3.3183560188979646,7045.617121895834,3.2851724587089848,8305.797058869739,3.252320734121895,9310.452714938458,3.2197975267806758,10135.337899074704,3.187599551512869,11641.331912694275,3.15572355599774,13125.124472204445
URY,mod_uptake,0.0,603.3806,1021.8530000000001,1526.5148,2083.1688,2598.8941000000004,3117.4836,3654.0341,4090.5163999999995,4695.886,5125.0767000000005,28516.808100000006,2.6024466357209284,69206.33487881653,2.576422169363719,1554.5631544039823,2.5506579476700817,2606.397475800516,2.525151368193381,3854.680935787445,2.499899854511447,5207.7133800427855,2.4749008559663324,6432.005232655852,2.450151847406669,7638.308201799992,2.425650328932602,8863.409016595944,2.401393825643276,9822.94082665256,2.3773798873868435,11163.904929861455,2.353606088512975,12062.411725215987
PAN,mod_uptake,0.0,342.2396,684.3208,1144.1509,1571.9549999999997,2158.4089,2461.4829,2751.1143999999995,3115.0945999999994,3515.3422999999993,3967.3164999999995,21711.4259,3.301479178399191,66814.39811305405,3.2684643866151992,1118.597944289431,3.235779742749047,2214.311382181822,3.2034219453215567,3665.19810181941,3.171387725868341,4985.278792617367,3.139673848609658,6776.699977936338,3.108277110123561,7650.970955030562,3.0771943390223253,8465.7136576828,3.046422395632102,9489.893953952622,3.015958171675781,10602.125335922534,2.9857985899590234,11845.608011621167
CYP,max_uptake,0.0,151.73510000000002,332.83820000000003,561.6571000000001,746.2392,968.0091000000002,1202.7388000000003,1417.2797999999998,1641.6627999999996,1932.0630999999998,2260.2285,11214.451700000001,5.340838795636502,55737.421212108246,5.287430407680137,802.2887816523864,5.234556103603336,1742.260231322348,5.182210542567303,2910.6253449277783,5.1303884371416295,3828.4969630218197,5.0790845527702135,4916.600066750998,5.028293707242511,6047.723939496411,4.978010770170086,7055.234108744505,4.928230662468385,8090.492948393702,4.8789483558437015,9426.436085131285,4.830158872285264,10917.262742667015
LUX,max_uptake,0.0,66.1919,148.99009999999998,208.21679999999998,318.97769999999997,438.4623,562.2993,692.5449,837.1356999999998,978.0955,1109.5446,5360.4588,10.51498281890071,52378.09817608832,10.409832990711703,689.04662433789,10.305734660804585,1535.4524376867412,10.20267731419654,2124.368821794598,10.100650541054575,3221.882278089344,9.99964403564403,4384.466923049764,9.89964759528759,5566.564913076895,9.800651119334713,6787.390949374547,9.702644608141366,8122.430185887646,9.605618162059953,9395.211899029111,9.509561980439353,10551.283143761788
BRN,mod_uptake,0.0,26.3517,46.909499999999994,77.5365,125.7354,168.7588,215.071,239.4069,293.1636,337.7659,401.6842,1932.3834999999997,21.170326114666338,38033.352716583875,20.958622853519675,552.2953418490945,20.749036624984477,973.3269335597092,20.54154625873463,1592.7196014903777,20.336130796147284,2556.971540105897,20.13276948818581,3397.582019502852,19.931441793303954,4286.675117927674,19.732127375370915,4724.007445342687,19.534806101617207,5726.894082052066,19.339458040601034,6532.209450595845,19.146063460195023,7690.671184157669
CYP,mod_uptake,0.0,108.4864,196.86649999999997,255.45789999999997,421.56449999999995,557.7945,755.0588,859.6827999999999,997.4316999999999,1160.2074000000002,1351.4921,6664.042600000001,5.340838795636502,33104.08939872362,5.287430407680137,573.6142901797505,5.234556103603336,1030.508739170026,5.182210542567303,1323.8366225621035,5.1303884371416295,2162.7896363093923,5.0790845527702135,2833.085428570185,5.028293707242511,3796.657412638082,4.978010770170086,4279.510237329976,4.928230662468385,4915.573487657967,4.8789483558437015,5660.591986667697,4.830158872285264,6527.921557638443
LUX,mod_uptake,0.0,40.83279999999999,94.09,137.8157,206.65259999999998,247.2557,292.8893,342.3863,386.34520000000003,452.5784999999999,489.8362,2690.6823,10.51498281890071,26369.716664445048,10.409832990711703,425.06262854313275,10.305734660804585,969.6665742351034,10.20267731419654,1406.0891159301161,10.100650541054575,2087.3256960003346,9.99964403564403,2472.4689857839894,9.89964759528759,2899.5008544304656,9.800651119334713,3355.608674339871,9.702644608141366,3748.570171661298,9.605618162059953,4347.2962593578495,9.509561980439353,4658.127704162887
ISL,max_uptake,0.0,34.825199999999995,84.37679999999999,152.48720000000003,221.4542,279.2083,357.33299999999997,420.86629999999997,497.7348,553.2054,638.4185,3239.9097,7.845958677917065,23648.512304783806,7.7674990911378945,270.50470934869537,7.689824100226516,648.8427501399926,7.612925859224251,1160.8737480807004,7.536796600632008,1669.0552617556807,7.461428634625688,2083.2928046451593,7.38681434827943,2639.5525315137334,7.312946204796636,3077.772611311802,7.239816742748669,3603.50873848866,7.167418575321182,3965.054659927985,7.095744389567971,4530.054489571399
MLT,max_uptake,0.0,160.963,282.17780000000005,383.68100000000004,528.7041999999999,670.524,834.6467999999999,1044.5449,1208.5877,1399.2844,1569.7241000000001,8082.8378999999995,3.0476872782665487,22937.626143174508,3.0172104054838833,485.65923849790227,2.9870383014290445,842.8758964129847,2.957167918414754,1134.6091441052913,2.9275962392306067,1547.8324275854263,2.8983202768383007,1943.3933053067249,2.8693370740699176,2394.8830069938194,2.8406437033292185,2967.1798930296486,2.8122372662959263,3398.835369526881,2.784114893632967,3895.76853846827,2.7562737446966374,4326.589323247559
GUY,max_uptake,0.0,95.78529999999999,205.0324,269.7311,405.6755,531.3783999999999,638.8889,755.1315999999999,900.0319999999999,1003.1731,1153.9873999999998,5958.8157,3.9985333144552024,22185.541302285976,3.9585479813106503,379.170705954235,3.918962501497544,803.514287192045,3.8797728764825683,1046.4954057238074,3.8409751477177427,1558.189513537969,3.802565396240565,2020.6011161496774,3.7645397422781595,2405.1226549503767,3.7268943448553777,2814.295689661593,3.6896254014068237,3320.780929278986,3.6527291473927552,3664.319622250347,3.6162018559188276,4173.051377586941
BHS,max_uptake,0.0,76.5178,163.62590000000003,242.48969999999994,361.49649999999997,455.90209999999996,558.0132,662.9092,755.909,872.9847,982.2212999999999,5132.0694,4.215151211696375,20143.17205506243,4.172999699579411,319.30875641247746,4.131269702583617,675.9827232279767,4.08995700555778,991.7724472906042,4.049057435502203,1463.7200912330218,4.00856686114718,1827.5140499874078,3.9684811925357084,2214.4648893866665,3.9287963806103514,2604.435265633304,3.8895084168042477,2940.114417838082,3.8506133326362053,3361.5265250074176,3.8121071993098434,3744.332889045473
PYF,max_uptake,0.0,76.3243,130.4977,202.52349999999998,260.2179,328.51840000000004,404.01250000000005,472.2446,554.4071,648.5237,746.0749,3823.3446,4.478546375543366,15950.949070893621,4.433760911787932,338.4036979595756,4.389423302670052,572.8096453248457,4.3455290696433515,880.0717565359153,4.302073778946918,1119.476604402631,4.259053041157449,1399.1772905961793,4.216462510745874,1703.5035601227175,4.174297885638415,1971.2896352841592,4.132554906782031,2291.117781459796,4.0912293577142105,2653.259200613443,4.050317064137069,3021.839898594357
ISL,mod_uptake,0.0,39.7057,79.36569999999999,84.8724,113.7346,165.595,209.23989999999998,244.59820000000005,285.469,319.38370000000003,366.3263,1908.2905,7.845958677917065,13947.226843043212,7.7674990911378945,308.4139886629939,7.689824100226516,610.3082725913475,7.612925859224251,646.1272886944242,7.536796600632008,857.1945466542412,7.461428634625688,1235.5752747508407,7.38681434827943,1545.616295552553,7.312946204796636,1788.7334783900887,7.239816742748669,2066.74324573572,7.167418575321182,2289.1566640348083,7.095744389567971,2599.3577879761933
GUY,mod_uptake,0.0,43.84230000000001,97.7293,159.13049999999998,239.49739999999997,322.121,385.73249999999996,451.6755999999999,524.0174999999999,593.2317999999999,668.923,3485.9008999999996,3.9985333144552024,12973.485762581378,3.9585479813106503,173.55184816101595,3.918962501497544,382.9974619976039,3.8797728764825683,617.3901977211093,3.8409751477177427,919.9035613430152,3.802565396240565,1224.886168002407,3.7645397422781595,1452.10532613831,3.7268943448553777,1683.3472393491593,3.6896254014068237,1933.4282787816999,3.6527291473927552,2166.9150870202693,3.6162018559188276,2418.96059406679
MLT,mod_uptake,0.0,62.9332,117.99000000000001,190.71169999999998,276.0661,334.4018,398.591,473.9357,572.8503,646.8084000000001,760.8364,3835.1246,3.0476872782665487,10882.531120116384,3.0172104054838833,189.8827058903983,2.9870383014290445,352.440649185613,2.957167918414754,563.966520906339,2.9275962392306067,808.2100761390607,2.8983202768383007,969.203517551226,2.8693370740699176,1143.6919336906026,2.8406437033292185,1346.2824619879254,2.8122372662959263,1610.9909616688012,2.784114893632967,1800.78889976691,2.7562737446966374,2097.0733933295087
BHS,mod_uptake,0.0,33.7465,78.5,155.2352,206.74829999999997,247.99720000000002,294.25280000000004,346.83639999999997,401.02139999999997,470.6363,523.4197,2758.3938,4.215151211696375,10829.016023220252,4.172999699579411,140.82413436185658,4.131269702583617,324.3046716528139,4.08995700555778,634.9052937491631,4.049057435502203,837.13574139244,4.00856686114718,994.1133575772895,3.9684811925357084,1167.7367026509714,3.9287963806103514,1362.6495929839239,3.8895084168042477,1559.7761106186229,3.8506133326362053,1812.238411602573,3.8121071993098434,1995.3320066305987
PYF,mod_uptake,0.0,51.1435,96.26560000000002,139.4971,178.781,214.72899999999998,248.3925,298.8529,351.9448,390.4665,442.5275,2412.6004,4.478546375543366,10078.303070554699,4.433760911787932,226.7580511920261,4.389423302670052,422.5504678855143,4.3455290696433515,606.1887031809455,4.302073778946918,769.1290522739089,4.259053041157449,914.5422004746978,4.216462510745874,1047.3376642004446,4.174297885638415,1247.5010285869087,4.132554906782031,1454.4312101564203,4.0912293577142105,1597.4880080039156,4.050317064137069,1792.3766845999166
SYC,max_uptake,0.0,11.3179,30.2851,45.058899999999994,57.8951,85.56030000000001,106.6962,129.55519999999999,151.4711,173.0248,197.8204,988.685,10.330374959298005,9499.093124080233,10.227071209705025,115.7489692443205,10.124800497607975,306.6305955501073,10.023552492631895,451.6502494102512,9.923316967705576,574.5114281770111,9.82408379802852,840.5515569844597,9.725842960048235,1037.7104856338985,9.628584530447752,1247.4331945590643,9.532298685143274,1443.8677673672055,9.436975698291842,1632.8308328018063,9.342605941308923,1848.1580443521077
BRB,max_uptake,0.0,48.51440000000001,104.52090000000001,176.8413,242.7466,302.42690000000005,379.8435,462.02199999999993,550.5027,630.0314,689.2177999999999,3586.6675,2.8200442026521593,9413.108865645403,2.7918437606256377,135.44462494049645,2.7639253230193814,288.8879622947765,2.7362860697891875,483.8883857534106,2.708923209091296,657.5818986680011,2.681833977000383,811.0587359788973,2.6550156372303793,1008.4904322003176,2.6284654808580754,1214.4088783970096,2.6021808260494947,1432.5075706284772,2.5761590177889997,1623.0610726002283,2.55039742761111,1757.779304183788
GRL,max_uptake,0.0,11.9862,24.538400000000003,36.4173,49.903299999999994,63.544000000000004,74.10390000000002,85.49080000000001,97.66490000000002,109.9896,123.74000000000001,677.3784,10.238283654268884,6466.238697660616,10.135900817726194,121.49093438142971,10.034541809548932,246.23160073943555,9.934196391453442,361.7766102464774,9.834854427538907,490.7916909538023,9.736505883263519,618.6965298460971,9.639140824430884,714.297927739544,9.542749416186576,815.8172817893234,9.44732192202471,922.6717507823512,9.352848702804462,1028.7160876819817,9.259320215776416,1145.7482835001738
BMU,max_uptake,0.0,16.5801,39.9541,61.60659999999999,81.14750000000001,99.67859999999999,123.83319999999999,146.79979999999998,169.50920000000002,189.21229999999997,215.3598,1143.6811999999998,5.417478129153915,5772.522958982716,5.3633033478623755,88.92410583789298,5.309670314383752,212.14309870791982,5.256573611239914,323.83962783821283,5.204007875127515,422.29222904691005,5.15196779637624,513.5409371878686,5.100448118412477,631.6048119369959,5.049443637228352,741.2573160563945,4.998949200856068,847.3678798777515,4.948959708847507,936.4040491183671,4.899470111759032,1055.1489033744028
SYC,mod_uptake,0.0,7.198600000000002,14.174800000000001,27.489900000000006,37.9762,51.1484,61.28349999999999,69.66799999999999,85.5727,101.23179999999999,112.05050000000001,567.7944000000001,10.330374959298005,5456.7282734594255,10.227071209705025,73.62059481018261,10.124800497607975,143.51702209349352,10.023552492631895,275.5464556672016,9.923316967705576,376.8498698289805,9.82408379802852,502.48616773508195,9.725842960048235,596.0336970421159,9.628584530447752,670.8042270672339,9.532298685143274,815.7045356941599,9.436975698291842,955.3220364943401,9.342605941308923,1046.8436670266356
BRB,mod_uptake,0.0,28.547700000000003,65.4126,93.26519999999998,138.6426,161.4178,201.04760000000002,230.51389999999998,290.3773,336.7721,377.205,1923.2017999999998,2.8200442026521593,5049.062161959684,2.7918437606256377,79.70071812521252,2.7639253230193814,180.79554158453757,2.7362860697891875,255.2002675561025,2.708923209091296,375.57215690876086,2.681833977000383,432.89574053265244,2.6550156372303793,533.7845218276384,2.6284654808580754,605.8978290079702,2.6021808260494947,755.6142423800219,2.5761590177889997,867.5784823547389,2.55039742761111,962.0226616820487
GRL,mod_uptake,0.0,6.334300000000001,13.149600000000001,19.7576,24.6202,32.197700000000005,38.6364,49.3044,58.427599999999984,67.7222,75.4873,385.6373,10.238283654268884,3675.3212591480005,10.135900817726194,64.20383654972304,10.034541809548932,131.95021097884464,9.934196391453442,196.27587862378053,9.834854427538907,242.13608297689342,9.736505883263519,313.4930954775538,9.639140824430884,372.4217005490414,9.542749416186576,470.4995343154294,9.44732192202471,551.9843463312908,9.352848702804462,633.3954904210643,9.259320215776416,698.9610829243791
ATG,max_uptake,0.0,15.171199999999999,32.208600000000004,52.4927,72.13700000000001,89.4969,110.08509999999998,130.6404,153.5333,178.74,201.0124,1035.5176000000001,3.4624287367653994,3338.05959648138,3.4278044493977453,52.00390686270307,3.393526404903768,109.30073456498351,3.35959114085473,176.3540098795451,3.3259952294461828,239.92731786655932,3.292735277151721,294.6895998257199,3.259807924380204,358.8562813361871,3.227209845136402,421.6039850525576,3.1949377466850377,490.5293355431179,3.1629883692181875,565.3525411140589,3.1313584855260057,629.4418844359477
BMU,mod_uptake,0.0,12.783600000000002,20.4923,27.771700000000003,36.9934,47.883399999999995,58.148199999999996,65.0866,76.4452,85.7832,99.0337,530.4213,5.417478129153915,2679.690267399295,5.3633033478623755,68.56232467773347,5.309670314383752,108.80735698344616,5.256573611239914,145.98398535927154,5.204007875127515,192.51394492774222,5.15196779637624,246.693734781002,5.100448118412477,296.5818772790724,5.049443637228352,328.6511182388269,4.998949200856068,382.1456714492823,4.948959708847507,424.5376004960074,4.899470111759032,485.21265320691043
ATG,mod_uptake,0.0,10.564599999999999,19.4071,25.9969,38.2861,48.66940000000001,60.76180000000001,76.1302,91.8116,103.4125,118.67389999999997,593.7141,3.4624287367653994,1912.8010133829061,3.4278044493977453,36.21338288610742,3.393526404903768,65.85850629260791,3.35959114085473,87.33895492968634,3.3259952294461828,127.33938595409948,3.292735277151721,160.255450297808,3.259807924380204,198.0717971396051,3.227209845136402,245.68813095220332,3.1949377466850377,293.332346423548,3.1629883692181875,327.0925347317758,3.1313584855260057,371.61052377546457
KNA,max_uptake,0.0,10.6401,24.950200000000002,33.531400000000005,42.7703,59.02419999999999,75.67110000000001,90.5089,107.70830000000001,123.46209999999999,138.73579999999998,707.0024000000001,2.5407416912613887,1671.7686997608407,2.515334274348775,26.7634082124984,2.490180931605287,62.13051227973824,2.4652791222892345,82.66426036112925,2.4406263310663423,104.38632036760677,2.416220067755679,142.61545652322474,2.392057867078122,181.0096500654553,2.3681372884073406,214.33750102273115,2.3444559155232674,252.51736108595475,2.3210113563680346,286.5569361810459,2.297801242804354,318.78729366145626
KNA,mod_uptake,0.0,7.187,13.973000000000003,20.470399999999998,25.464499999999997,32.511199999999995,39.5324,45.052899999999994,50.751400000000004,60.478200000000015,69.34119999999999,364.7622,2.5407416912613887,863.9843437729286,2.515334274348775,18.077707429744645,2.490180931605287,34.79529815732069,2.4652791222892345,50.46524974490954,2.4406263310663423,62.14932920743887,2.416220067755679,78.55421386681842,2.392057867078122,94.56378842447916,2.3681372884073406,106.69145244088706,2.3444559155232674,118.98441995108756,2.3210113563680346,140.3705890126973,2.297801242804354,159.33229553754526
ASM,max_uptake,0.0,15.4625,27.5479,42.21190000000001,56.049,72.4234,87.44209999999998,104.8721,122.2645,139.9097,164.2493,832.4323999999999,0.0021043328212790135,1.6313329515826256,0.0020832894930662236,0.03221286378653648,0.0020624565981355613,0.05681634811977863,0.002041832032154206,0.08618960955809014,0.0020214137118326637,0.11329821713450897,0.002001199574714337,0.1449336772793663,0.0019811875789671933,0.1732392023988072,0.0019613757031775214,0.20569358888120334,0.0019417619461457461,0.23740855346453657,0.0019223443266842887,0.2689546180431008,0.0019031208834174456,0.31258627291669705
ASM,mod_uptake,0.0,9.5963,17.238799999999998,24.910300000000003,30.9315,37.0365,46.266200000000005,55.4945,66.672,79.02580000000002,89.13909999999998,456.31100000000004,0.0021043328212790135,0.8945776007434306,0.0020832894930662236,0.0199918709623114,0.0020624565981355613,0.03555427680393931,0.002041832032154206,0.05086264847057092,0.0020214137118326637,0.06252535822755204,0.002001199574714337,0.07411742804890753,0.0019811875789671933,0.09166202076601197,0.0019613757031775214,0.10884556395998497,0.0019417619461457461,0.12946115247342918,0.0019223443266842887,0.1519147982916873,0.0019031208834174456,0.169642482739036
NRU,max_uptake,0.0,1.8265999999999998,3.8163999999999993,6.462000000000001,8.6212,11.1536,13.6296,15.670600000000002,18.1115,20.4556,23.733600000000003,123.48070000000001,0.0,0.0,0.0,0.0,0.0,0.0,0.0,0.0,0.0,0.0,0.0,0.0,0.0,0.0,0.0,0.0,0.0,0.0,0.0,0.0,0.0,0.0
NRU,mod_uptake,0.0,1.1353,2.4288,3.7003,4.6537,5.8256,6.7839,8.3154,9.569600000000001,11.517799999999998,13.623999999999999,67.55439999999999,0.0,0.0,0.0,0.0,0.0,0.0,0.0,0.0,0.0,0.0,0.0,0.0,0.0,0.0,0.0,0.0,0.0,0.0,0.0,0.0,0.0,0.0
AND,max_uptake,0.0,12.619199999999998,27.610499999999995,41.5024,61.921400000000006,77.69709999999999,99.3108,110.51589999999999,126.0287,143.47949999999997,161.54049999999998,862.2259999999998,,,,,,,,,,,,,,,,,,,,,,
AND,mod_uptake,0.0,7.8658,19.1983,27.190399999999993,35.5877,43.39960000000001,49.4048,57.2703,65.4847,72.36949999999999,80.72370000000001,458.49480000000005,,,,,,,,,,,,,,,,,,,,,,
TWN,max_uptake,0.0,3278.6501,5417.273900000001,6947.533300000001,8470.9745,10355.014899999998,13780.395,17012.6032,19737.758900000004,23766.8837,27382.281800000004,136149.3693,,,,,,,,,,,,,,,,,,,,,,
TWN,mod_uptake,0.0,1463.0823,2389.0652999999998,3128.0013000000004,4216.8666,6121.985600000001,7628.008900000001,9745.286199999999,11941.9276,14187.6359,17124.0285,77945.8882,,,,,,,,,,,,,,,,,,,,,,
