ISO,scenario,adult_pop_share,adult_eer_percap,faostat_kcal_percap,adult_energy_share_faostat,delta_current,delta_faostat,factor_faostat
ARE,max_uptake,0.8784951589481343,2847.9365647957266,3321.43,0.7532594349916831,-0.021985096746372834,-0.01656048155341029,0.7532594349916831
ARE,mod_uptake,0.8784951589481343,2847.9365647957266,3321.43,0.7532594349916831,-0.011932595291641257,-0.008988339987366135,0.753259434991685
ATG,max_uptake,0.7661209470989762,2735.4943358956225,2458.4,0.8524729545233642,-0.024457517987909738,-0.020849372619461726,0.8524729545233637
ATG,mod_uptake,0.7661209470989762,2735.4943358956225,2458.4,0.8524729545233642,-0.013005052850724175,-0.011086455827389378,0.8524729545233674
AUS,max_uptake,0.782484936439472,2742.177000312413,3470.69,0.6182379284220834,-0.022550565944817857,-0.013941615174469752,0.6182379284220825
AUS,mod_uptake,0.782484936439472,2742.177000312413,3470.69,0.6182379284220834,-0.01200961483253904,-0.007424799395216076,0.6182379284220846
AUT,max_uptake,0.8392619037498238,2645.874942653158,3812.18,0.5824966400996399,-0.013330682667849314,-0.007765077864256724,0.5824966400996395
AUT,mod_uptake,0.8392619037498238,2645.874942653158,3812.18,0.5824966400996399,-0.007033289198443593,-0.004096867326942497,0.582496640099642
BEL,max_uptake,0.7995318262892793,2650.09636760431,3909.12,0.5420238797052174,-0.016221995212802987,-0.008792708781802935,0.5420238797052171
BEL,mod_uptake,0.7995318262892793,2650.09636760431,3909.12,0.5420238797052174,-0.008437744434349859,-0.004573458974267406,0.5420238797052163
BHR,max_uptake,0.8077545628060833,2781.262035103014,3505.98,0.6407843453795494,-0.02573029409268035,-0.01648756965660147,0.6407843453795496
BHR,mod_uptake,0.8077545628060833,2781.262035103014,3505.98,0.6407843453795494,-0.013303101130590744,-0.008524418949483543,0.6407843453795501
BHS,max_uptake,0.746514464120201,2752.8922191108295,2619.86,0.7844212514142708,-0.032828651358675076,-0.025751491781014674,0.7844212514142699
BHS,mod_uptake,0.746514464120201,2752.8922191108295,2619.86,0.7844212514142708,-0.017327385612486368,-0.013591969505884198,0.7844212514142714
BRB,max_uptake,0.7868320136349111,2718.337317763236,3197.51,0.6689188854685585,-0.027236338024229645,-0.01821890087541264,0.6689188854685595
BRB,mod_uptake,0.7868320136349111,2718.337317763236,3197.51,0.6689188854685585,-0.01466627466023196,-0.009810548099698125,0.6689188854685586
CAN,max_uptake,0.8202101687898345,2700.956553581733,3606.14,0.614327793903532,-0.020045859324518855,-0.012314728535732213,0.6143277939035319
CAN,mod_uptake,0.8202101687898345,2700.956553581733,3606.14,0.614327793903532,-0.010415899942451956,-0.006398776833166411,0.6143277939035295
CHE,max_uptake,0.8251696991122903,2590.6071883156205,3452.57,0.6191592217103598,-0.01059040536098077,-0.006557147140902089,0.6191592217103611
CHE,mod_uptake,0.8251696991122903,2590.6071883156205,3452.57,0.6191592217103598,-0.005499725415033296,-0.0034052057075926907,0.6191592217103579
CHL,max_uptake,0.7838319544290806,2648.665744075277,3105.59,0.6685070620422784,-0.027031075887908984,-0.01807046512566793,0.6685070620422792
CHL,mod_uptake,0.7838319544290806,2648.665744075277,3105.59,0.6685070620422784,-0.01439396048305086,-0.009622464233677009,0.66850706204228
CYP,max_uptake,0.8620420458813095,2582.774415589273,3037.47,0.7329982324975984,-0.01798574275039455,-0.01318351764619574,0.7329982324976007
CYP,mod_uptake,0.8620420458813095,2582.774415589273,3037.47,0.7329982324975984,-0.009653786578869283,-0.00707620849922026,0.7329982324976023
CZE,max_uptake,0.8237857573716003,2802.8773624922705,3425.73,0.6740082992180962,-0.021933894116969666,-0.014783626669008555,0.6740082992180974
CZE,mod_uptake,0.8237857573716003,2802.8773624922705,3425.73,0.6740082992180962,-0.011820288496785292,-0.007966972545985499,0.6740082992180977
DEU,max_uptake,0.8410264851173997,2688.879059585076,3603.83,0.627504212015721,-0.016449599695979034,-0.010322193095199385,0.627504212015722
DEU,mod_uptake,0.8410264851173997,2688.879059585076,3603.83,0.627504212015721,-0.00869246432762516,-0.005454557978381201,0.6275042120157223
DNK,max_uptake,0.8073702114493408,2701.7568458574174,3592.18,0.6072407273367725,-0.011231684405354492,-0.006820336207524537,0.6072407273367717
DNK,mod_uptake,0.8073702114493408,2701.7568458574174,3592.18,0.6072407273367725,-0.005748916595552878,-0.003490976294881967,0.6072407273367718
ESP,max_uptake,0.8373150572251555,2566.65286845295,3375.29,0.6367147988545552,-0.01367360927304262,-0.00870618937790113,0.6367147988545565
ESP,mod_uptake,0.8373150572251555,2566.65286845295,3375.29,0.6367147988545552,-0.007115045665007758,-0.004530254869436404,0.6367147988545573
EST,max_uptake,0.8199719469707253,2780.769895721507,3297.53,0.6914731042545011,-0.019307375114606895,-0.013350530605503333,0.691473104254501
EST,mod_uptake,0.8199719469707253,2780.769895721507,3297.53,0.6914731042545011,-0.01017617116645797,-0.007036548665895825,0.6914731042544996
FIN,max_uptake,0.8187268871542661,2709.420336384057,3377.7,0.6567413559523296,-0.016747138460092126,-0.01099853842060232,0.6567413559523302
FIN,mod_uptake,0.8187268871542661,2709.420336384057,3377.7,0.6567413559523296,-0.009039033440046973,-0.005936307077914875,0.656741355952327
FRA,max_uptake,0.812716569005687,2537.4767926866334,3595.02,0.5736406008544698,-0.00887237321938883,-0.005089553504575323,0.5736406008544707
FRA,mod_uptake,0.812716569005687,2537.4767926866334,3595.02,0.5736406008544698,-0.004738956723692178,-0.0027184579824020855,0.5736406008544644
GBR,max_uptake,0.7967284851458192,2693.2609662258274,3355.3,0.6395248501545222,-0.020457317589367974,-0.013082962965904022,0.6395248501545221
GBR,mod_uptake,0.7967284851458192,2693.2609662258274,3355.3,0.6395248501545222,-0.010639074254778058,-0.006803952368569756,0.6395248501545207
GRC,max_uptake,0.8331766004138673,2719.3640347826836,3398.04,0.6667698090040065,-0.021729521035731003,-0.01448858859074293,0.6667698090040078
GRC,mod_uptake,0.8331766004138673,2719.3640347826836,3398.04,0.6667698090040065,-0.011117967994522693,-0.007413125396220582,0.6667698090040091
GUY,max_uptake,0.6641153413376528,2546.8604313737487,3253.19,0.5199232398725986,-0.02018187852561959,-0.010493027669755371,0.5199232398725991
GUY,mod_uptake,0.6641153413376528,2546.8604313737487,3253.19,0.5199232398725986,-0.010581156853538332,-0.005501389352891777,0.5199232398725964
HRV,max_uptake,0.800713335781419,2780.8943156679406,3316.79,0.6713416176345393,-0.024717426874313775,-0.016593837341565224,0.6713416176345385
HRV,mod_uptake,0.800713335781419,2780.8943156679406,3316.79,0.6713416176345393,-0.012654209045283804,-0.008495297170346462,0.6713416176345404
HUN,max_uptake,0.8002011575841426,2667.6929785084385,3430.12,0.6223371221652717,-0.023983711243359962,-0.014925953834035534,0.6223371221652727
HUN,mod_uptake,0.8002011575841426,2667.6929785084385,3430.12,0.6223371221652717,-0.01268199446523921,-0.007892475938812859,0.6223371221652705
IRL,max_uptake,0.7789640282613759,2730.9008633534686,3910.78,0.5439512162024679,-0.021874969200141536,-0.011898916100808527,0.5439512162024684
IRL,mod_uptake,0.7789640282613759,2730.9008633534686,3910.78,0.5439512162024679,-0.01137746832695219,-0.006188787733750681,0.5439512162024661
ISL,max_uptake,0.7946004290694556,2818.1616877883803,3676.9,0.609021862521077,-0.017397313718470864,-0.010595344403686625,0.6090218625210779
ISL,mod_uptake,0.7946004290694556,2818.1616877883803,3676.9,0.609021862521077,-0.009053442424195257,-0.005513744367410699,0.6090218625210736
ISR,max_uptake,0.679009958720159,2623.366749227505,3922.66,0.45410312086716814,-0.01642100522776213,-0.007456829721702877,0.45410312086716875
ISR,mod_uptake,0.679009958720159,2623.366749227505,3922.66,0.45410312086716814,-0.008572088084622398,-0.003892611951575296,0.45410312086716803
ITA,max_uptake,0.8555227637634201,2533.9319345257886,3703.49,0.5853496166626324,-0.015383904400314674,-0.009004962543498793,0.5853496166626333
ITA,mod_uptake,0.8555227637634201,2533.9319345257886,3703.49,0.5853496166626324,-0.007795796084309026,-0.00456326624953032,0.58534961666263
JPN,max_uptake,0.8616508133128318,2297.795349397723,2692.62,0.7353051049293962,-0.005465138176699691,-0.004018544000471827,0.7353051049293984
JPN,mod_uptake,0.8616508133128318,2297.795349397723,2692.62,0.7353051049293962,-0.0026798717021376817,-0.0019705233431376594,0.7353051049293932
KNA,max_uptake,0.758749475451112,2734.271072816605,2866.74,0.7236884901458621,-0.031723707162337744,-0.022958081738141678,0.7236884901458622
KNA,mod_uptake,0.758749475451112,2734.271072816605,2866.74,0.7236884901458621,-0.016499953287311353,-0.011940826281971623,0.7236884901458631
KOR,max_uptake,0.8593317078320304,2491.981663589518,3441.95,0.6221586190556182,-0.00763056100744286,-0.004747419299010284,0.6221586190556165
KOR,mod_uptake,0.8593317078320304,2491.981663589518,3441.95,0.6221586190556182,-0.003992690660380105,-0.0024840869075783254,0.622158619055612
KWT,max_uptake,0.8311888157756033,2885.467923980879,3507.92,0.6837010726276984,-0.02865763516372466,-0.019593255900411794,0.6837010726276983
KWT,mod_uptake,0.8311888157756033,2885.467923980879,3507.92,0.6837010726276984,-0.01577006751116128,-0.010782012072792209,0.6837010726277
LTU,max_uptake,0.8415539717459682,2754.8101448971934,3406.98,0.6804622917787363,-0.020511552718304293,-0.01395733817063769,0.6804622917787354
LTU,mod_uptake,0.8415539717459682,2754.8101448971934,3406.98,0.6804622917787363,-0.01046277902710857,-0.00711952659516078,0.6804622917787349
LUX,max_uptake,0.8173301420630018,2680.699588440869,3483.01,0.6290583648765309,-0.014961339792488482,-0.009411555946224977,0.6290583648765307
LUX,mod_uptake,0.8173301420630018,2680.699588440869,3483.01,0.6290583648765309,-0.008228000598535345,-0.00517589260271776,0.6290583648765307
LVA,max_uptake,0.8226363710047822,2762.999584986566,3312.72,0.6861261898624295,-0.020079982663380846,-0.013777401997329112,0.6861261898624281
LVA,mod_uptake,0.8226363710047822,2762.999584986566,3312.72,0.6861261898624295,-0.010488665262690211,-0.007196547933432086,0.6861261898624327
MLT,max_uptake,0.8350709745166794,2700.3395333728035,3298.05,0.6837298299478609,-0.024018124744600078,-0.016421908347291896,0.6837298299478598
MLT,mod_uptake,0.8350709745166794,2700.3395333728035,3298.05,0.6837298299478609,-0.012624592778172405,-0.008631810673380836,0.6837298299478628
NLD,max_uptake,0.8289820775551825,2759.202410646855,3535.61,0.6469405128883834,-0.012812376574718343,-0.008288845472567382,0.6469405128883825
NLD,mod_uptake,0.8289820775551825,2759.202410646855,3535.61,0.6469405128883834,-0.006358072869330322,-0.004113294923066256,0.6469405128883806
NOR,max_uptake,0.799821228782994,2713.161935623375,3504.55,0.6192077479954728,-0.014885972237400957,-0.009217509345844149,0.619207747995471
NOR,mod_uptake,0.799821228782994,2713.161935623375,3504.55,0.6192077479954728,-0.007946992361425487,-0.004920839243455506,0.6192077479954736
NRU,max_uptake,0.5199289660615627,2863.1276584188963,2993.46,0.4972917637596627,-0.045708460324261346,-0.02273044085339049,0.4972917637596628
NRU,mod_uptake,0.5199289660615627,2863.1276584188963,2993.46,0.4972917637596627,-0.024634465375606873,-0.01225051673591191,0.4972917637596638
NZL,max_uptake,0.7681907858576859,2739.2079638085747,3147.3,0.6685839666843773,-0.02366253792329187,-0.01582039346657402,0.6685839666843788
NZL,mod_uptake,0.7681907858576859,2739.2079638085747,3147.3,0.6685839666843773,-0.01258719003482034,-0.00841559344289028,0.6685839666843799
OMN,max_uptake,0.726626532351463,2745.699762754447,3063.95,0.6511523678547295,-0.022667160471683823,-0.014759775213680059,0.65115236785473
OMN,mod_uptake,0.726626532351463,2745.699762754447,3063.95,0.6511523678547295,-0.011880463172611488,-0.007735991726056877,0.6511523678547291
PAN,max_uptake,0.6926252897758461,2592.6228205542584,3061.49,0.5865497298262824,-0.025575127153074972,-0.015001083921908959,0.586549729826283
PAN,mod_uptake,0.6926252897758461,2592.6228205542584,3061.49,0.5865497298262824,-0.013648941608228715,-0.00800578301272124,0.5865497298262811
POL,max_uptake,0.7867794611506342,2763.4759703143177,3615.99,0.6012865452688267,-0.022833875650699498,-0.013729702205107093,0.6012865452688271
POL,mod_uptake,0.7867794611506342,2763.4759703143177,3615.99,0.6012865452688267,-0.0117033712699538,-0.0070370796789089585,0.6012865452688265
PRT,max_uptake,0.8520472482343251,2552.351097940357,3510.48,0.6194946928989595,-0.01768049520261472,-0.010952972945845307,0.619494692898958
PRT,mod_uptake,0.8520472482343251,2552.351097940357,3510.48,0.6194946928989595,-0.009143201202968632,-0.005664164621346417,0.619494692898956
PYF,max_uptake,0.6867800705237038,2914.342879510387,2880.12,0.694940699804313,-0.03348354797588404,-0.02326908026229213,0.6949406998043126
PYF,mod_uptake,0.6867800705237038,2914.342879510387,2880.12,0.694940699804313,-0.0184773063722129,-0.012840632220804307,0.6949406998043121
QAT,max_uptake,0.8864256508059011,2986.5745841490884,3540.22,0.7477999444765351,-0.030656459827368643,-0.022924898956753374,0.7477999444765342
QAT,mod_uptake,0.8864256508059011,2986.5745841490884,3540.22,0.7477999444765351,-0.014994675254634049,-0.011213017322859032,0.7477999444765361
ROU,max_uptake,0.7856651340563511,2728.5243765801424,3623.41,0.5916268018529118,-0.02573062079992683,-0.015222924893550701,0.591626801852911
ROU,mod_uptake,0.7856651340563511,2728.5243765801424,3623.41,0.5916268018529118,-0.013469183064952484,-0.007968729700289248,0.5916268018529125
SAU,max_uptake,0.6283548601684976,2789.330680867191,3276.21,0.5349747085626392,-0.027295310141887463,-0.014602300588283103,0.5349747085626395
SAU,mod_uptake,0.6283548601684976,2789.330680867191,3276.21,0.5349747085626392,-0.014291232397960707,-0.00764544788709995,0.5349747085626373
SVK,max_uptake,0.7859885353817258,2770.7917197911643,2982.81,0.7301204319706822,-0.02132586261604419,-0.015570448025373572,0.7301204319706806
SVK,mod_uptake,0.7859885353817258,2770.7917197911643,2982.81,0.7301204319706822,-0.01125635714185258,-0.008218496338825654,0.7301204319706799
SVN,max_uptake,0.8189415238885953,2741.776585497523,3093.59,0.7258087513501823,-0.018210358524129666,-0.013217237582037708,0.7258087513501826
SVN,mod_uptake,0.8189415238885953,2741.776585497523,3093.59,0.7258087513501823,-0.009880216829359023,-0.0071711478399861224,0.7258087513501815
SWE,max_uptake,0.7859073781796982,2692.3653042411456,3327.75,0.6358499759171045,-0.012774154926237569,-0.008122446102209548,0.6358499759171067
SWE,mod_uptake,0.7859073781796982,2692.3653042411456,3327.75,0.6358499759171045,-0.006635284881589487,-0.004219045732161798,0.6358499759171037
SYC,max_uptake,0.8909073935772965,2718.620109397722,3222.29,0.7516513894746746,-0.020922257777266084,-0.015726244129229364,0.7516513894746744
SYC,mod_uptake,0.8909073935772965,2718.620109397722,3222.29,0.7516513894746746,-0.011695228712212957,-0.008790734911758994,0.7516513894746759
TTO,max_uptake,0.7615028901734104,2656.414630887899,2916.47,0.6936013121753588,-0.022639471670733546,-0.01570276725777766,0.6936013121753593
TTO,mod_uptake,0.7615028901734104,2656.414630887899,2916.47,0.6936013121753588,-0.011631007365399237,-0.008067281970562137,0.6936013121753556
TWN,max_uptake,0.8348227753270777,2462.598025532711,2956.61,0.6953344939610565,-0.010301037325924467,-0.00716266657629568,0.6953344939610601
TWN,mod_uptake,0.8348227753270777,2462.598025532711,2956.61,0.6953344939610565,-0.0055216942270931435,-0.003839424461203488,0.6953344939610546
URY,max_uptake,0.7603003689972215,2649.8057567511114,3306.88,0.6092293323703407,-0.023578886423535783,-0.014364949233846793,0.6092293323703406
URY,mod_uptake,0.7603003689972215,2649.8057567511114,3306.88,0.6092293323703407,-0.012147959259659169,-0.007400893109424269,0.6092293323703419
USA,max_uptake,0.7890519375898527,2771.4463048153198,3912.14,0.5589818045215063,-0.02953715198546536,-0.016510730517261447,0.5589818045215073
USA,mod_uptake,0.7890519375898527,2771.4463048153198,3912.14,0.5589818045215063,-0.014969044762928374,-0.008367423653544924,0.5589818045215075
